EASL0001	o0900000
EASL0002	o0900001
EASL0003	o0900002
EASL0004	o0900004
EASL0005	o0900006
EASL0006	o0900007
EASL0007	o0900005
EASL0008	o0900008
EASL0009	o0900009
EASL0010	o0900010
EASL0011	o0900012
EASL0012	o0900018
EASL0013	o0900020
EASL0014	o0900022
EASL0015	o0900029
EASL0016	o0900033
EASL0017	o0900035
EASL0018	o0900038
EASL0019	o0900025
EASL0020	o0900040
EASL0021	o0900014
EASL0022	o0900016
EASL0023	o0900023
EASL0024	o0900031
EASL0025	o0900041
EASL0026	o0900043
EASL0027	o0900047
EASL0028	o0900049
EASL0029	o0900050
EASL0030	o0900053
EASL0031	o0900054
EASL0032	o0900055
EASL0033	o0900056
EASL0034	o0900058
EASL0035	o0900059
EASL0036	o0900060
EASL0037	o0900062
EASL0038	o0900063
EASL0039	o0900064
EASL0040	o0900066
EASL0041	o0900067
EASL0042	o0900068
EASL0043	o0900069
EASL0044	o0900070
EASL0045	o0900071
EASL0046	o0900072
EASL0047	o0900074
EASL0048	o0900075
EASL0049	o0900077
EASL0050	o0900081
EASL0051	o0900079
EASL0052	o0900082
EASL0053	o0900085
EASL0054	o0900087
EASL0055	o0900086
EASL0056	o0900088
EASL0057	o0900089
EASL0058	o0900093
EASL0059	o0900094
EASL0060	o0900095
EASL0061	o0900096
EASL0062	o0900098
EASL0063	o0900100
EASL0064	o0900104
EASL0065	o0900101
EASL0066	o0900102
EASL0067	o0900106
EASL0068	o0900108
EASL0069	o0900109
EASL0070	o0900110
EASL0071	o0900111
EASL0072	o0900112
EASL0073	o0900113
EASL0074	o0900114
EASL0075	o0900115
EASL0076	o0900116
EASL0077	o0900117
EASL0078	o0900119
EASL0079	o0900121
EASL0080	o0900122
EASL0081	o0900124
EASL0082	o0900126
EASL0083	o0900128
EASL0084	o0900130
EASL0085	o0900131
EASL0086	o0900133
EASL0087	o0900136
EASL0088	o0900139
EASL0089	o0900141
EASL0090	o0900146
EASL0091	o0900142
EASL0092	o0900143
EASL0093	o0900144
EASL0094	o0900148
EASL0095	o0900149
EASL0096	o0900150
EASL0097	o0900151
EASL0098	o0900152
EASL0099	o0900153
EASL0100	o0900154
EASL0101	o0900158
EASL0102	o0900160
EASL0103	o0900162
EASL0104	o0900163
EASL0105	o0900165
EASL0106	o0900166
EASL0107	o0900167
EASL0108	o0900169
EASL0109	o0900171
EASL0110	o0900173
EASL0111	o0900175
EASL0112	o0900199
EASL0113	o0900185
EASL0114	o0900187
EASL0115	o0900191
EASL0116	o0900193
EASL0117	o0900197
EASL0118	o0900183
EASL0119	o0903398
EASL0120	o0900177
EASL0121	o0900181
EASL0122	o0900205
EASL0123	o0900206
EASL0124	o0900207
EASL0125	o0900211
EASL0126	o0900212
EASL0127	o0900213
EASL0128	o0900214
EASL0129	o0900215
EASL0130	o0900217
EASL0131	o0900222
EASL0132	o0900218
EASL0133	o0900219
EASL0134	o0900220
EASL0135	o0900223
EASL0136	o0900224
EASL0137	o0900225
EASL0138	o0900226
EASL0139	o0900228
EASL0140	o0900233
EASL0141	o0900229
EASL0142	o0900230
EASL0143	o0900231
EASL0144	o0900235
EASL0145	o0900236
EASL0146	o0900237
EASL0147	o0900241
EASL0148	o0900246
EASL0149	o0900239
EASL0150	o0900243
EASL0151	o0900247
EASL0152	o0900249
EASL0153	o0900250
EASL0154	o0900251
EASL0155	o0900252
EASL0156	o0900254
EASL0157	o0900255
EASL0158	o0900256
EASL0159	o0900257
EASL0160	o0900258
EASL0161	o0900260
EASL0162	o0900261
EASL0163	o0900262
EASL0164	o0900264
EASL0165	o0900269
EASL0166	o0900273
EASL0167	o0900275
EASL0168	o0900270
EASL0169	o0900271
EASL0170	o0900276
EASL0171	o0900278
EASL0172	o0900281
EASL0173	o0900282
EASL0174	o0900284
EASL0175	o0900290
EASL0176	o0900287
EASL0177	o0900288
EASL0178	o0900291
EASL0179	o0900293
EASL0180	o0900294
EASL0181	o0900296
EASL0182	o0900303
EASL0183	o0900305
EASL0184	o0900307
EASL0185	o0900309
EASL0186	o0900312
EASL0187	o0900313
EASL0188	o0900318
EASL0189	o0900319
EASL0190	o0900320
EASL0191	o0900321
EASL0192	o0900324
EASL0193	o0900326
EASL0194	o0900325
EASL0195	o0900329
EASL0196	o0900331
EASL0197	o0900369
EASL0198	o0900375
EASL0199	o0900388
EASL0200	o0900407
EASL0201	o0900447
EASL0202	o0900448
EASL0203	o0900460
EASL0204	o0900394
EASL0205	o0900334
EASL0206	o0900342
EASL0207	o0900343
EASL0208	o0900347
EASL0209	o0900349
EASL0210	o0900351
EASL0211	o0900354
EASL0212	o0900356
EASL0213	o0900358
EASL0214	o0900359
EASL0215	o0900361
EASL0216	o0900363
EASL0217	o0900365
EASL0218	o0900367
EASL0219	o0900370
EASL0220	o0900376
EASL0221	o0900379
EASL0222	o0900381
EASL0223	o0900384
EASL0224	o0900382
EASL0225	o0900386
EASL0226	o0900389
EASL0227	o0900391
EASL0228	o0900408
EASL0229	o0900410
EASL0230	o0900412
EASL0231	o0900414
EASL0232	o0900418
EASL0233	o0900420
EASL0234	o0900422
EASL0235	o0900423
EASL0236	o0900425
EASL0237	o0900427
EASL0238	o0900431
EASL0239	o0900433
EASL0240	o0900437
EASL0241	o0900439
EASL0242	o0900441
EASL0243	o0900443
EASL0244	o0900445
EASL0245	o0900449
EASL0246	o0900450
EASL0247	o0900456
EASL0248	o0900458
EASL0249	o0900461
EASL0250	o0900464
EASL0251	o0900466
EASL0252	o0900468
EASL0253	o0900470
EASL0254	o0900472
EASL0255	o0900474
EASL0256	o0900395
EASL0257	o0900401
EASL0258	o0900403
EASL0259	o0900340
EASL0260	o0900373
EASL0261	o0900476
EASL0262	o0900336
EASL0263	o0900397
EASL0264	o0900479
EASL0265	o0900338
EASL0266	o0900481
EASL0267	o0900483
EASL0268	o0900484
EASL0269	o0900485
EASL0270	o0900487
EASL0271	o0900488
EASL0272	o0900489
EASL0273	o0900490
EASL0274	o0900491
EASL0275	o0900493
EASL0276	o0900498
EASL0277	o0900506
EASL0278	o0900503
EASL0279	o0900494
EASL0280	o0900499
EASL0281	o0900504
EASL0282	o0900495
EASL0283	o0900496
EASL0284	o0900508
EASL0285	o0900510
EASL0286	o0900511
EASL0287	o0900513
EASL0288	o0900517
EASL0289	o0900528
EASL0290	o0900519
EASL0291	o0900523
EASL0292	o0900521
EASL0293	o0900525
EASL0294	o0900526
EASL0295	o0900529
EASL0296	o0900531
EASL0297	o0900532
EASL0298	o0900533
EASL0299	o0900534
EASL0300	o0900535
EASL0301	o0900537
EASL0302	o0900538
EASL0303	o0900539
EASL0304	o0900541
EASL0305	o0900542
EASL0306	o0900543
EASL0307	o0900544
EASL0308	o0900545
EASL0309	o0901964
EASL0310	o0900546
EASL0311	o0900547
EASL0312	o0900548
EASL0313	o0900550
EASL0314	o0900557
EASL0315	o0900559
EASL0316	o0900561
EASL0317	o0900565
EASL0318	o0900567
EASL0319	o0900573
EASL0320	o0900575
EASL0321	o0900577
EASL0322	o0900579
EASL0323	o0900581
EASL0324	o0900583
EASL0325	o0900585
EASL0326	o0900587
EASL0327	o0900556
EASL0328	o0900552
EASL0329	o0900570
EASL0330	o0900592
EASL0331	o0900554
EASL0332	o0900594
EASL0333	o0900595
EASL0334	o0900596
EASL0335	o0900597
EASL0336	o0900599
EASL0337	o0900607
EASL0338	o0900614
EASL0339	o0900604
EASL0340	o0900605
EASL0341	o0900610
EASL0342	o0900612
EASL0343	o0900616
EASL0344	o0900623
EASL0345	o0900631
EASL0346	o0900634
EASL0347	o0900635
EASL0348	o0900637
EASL0349	o0900639
EASL0350	o0900641
EASL0351	o0900643
EASL0352	o0900648
EASL0353	o0900650
EASL0354	o0900652
EASL0355	o0900654
EASL0356	o0900657
EASL0357	o0900660
EASL0358	o0900662
EASL0359	o0900664
EASL0360	o0900675
EASL0361	o0900680
EASL0362	o0900682
EASL0363	o0900685
EASL0364	o0900687
EASL0365	o0900689
EASL0366	o0900691
EASL0367	o0900694
EASL0368	o0900696
EASL0369	o0900697
EASL0370	o0900699
EASL0371	o0900701
EASL0372	o0900705
EASL0373	o0900707
EASL0374	o0900709
EASL0375	o0900666
EASL0376	o0900668
EASL0377	o0900670
EASL0378	o0900617
EASL0379	o0900644
EASL0380	o0900677
EASL0381	o0900678
EASL0382	o0900692
EASL0383	o0900703
EASL0384	o0900646
EASL0385	o0900711
EASL0386	o0900618
EASL0387	o0900712
EASL0388	o0900619
EASL0389	o0900620
EASL0390	o0900625
EASL0391	o0900626
EASL0392	o0900655
EASL0393	o0900715
EASL0394	o0900621
EASL0395	o0900719
EASL0396	o0900720
EASL0397	o0900721
EASL0398	o0900722
EASL0399	o0900724
EASL0400	o0900725
EASL0401	o0900727
EASL0402	o0900729
EASL0403	o0900730
EASL0404	o0900732
EASL0405	o0900733
EASL0406	o0900736
EASL0407	o0900738
EASL0408	o0900742
EASL0409	o0900747
EASL0410	o0900751
EASL0411	o0900755
EASL0412	o0900761
EASL0413	o0900765
EASL0414	o0900767
EASL0415	o0900773
EASL0416	o0900757
EASL0417	o0900759
EASL0418	o0900775
EASL0419	o0900769
EASL0420	o0900771
EASL0421	o0900744
EASL0422	o0900749
EASL0423	o0900752
EASL0424	o0900778
EASL0425	o0900779
EASL0426	o0900781
EASL0427	o0900782
EASL0428	o0900783
EASL0429	o0900784
EASL0430	o0900786
EASL0431	o0900787
EASL0432	o0900788
EASL0433	o0900790
EASL0434	o0900791
EASL0435	o0900795
EASL0436	o0900797
EASL0437	o0900805
EASL0438	o0900800
EASL0439	o0900801
EASL0440	o0900803
EASL0441	o0900806
EASL0442	o0900812
EASL0443	o0900817
EASL0444	o0900819
EASL0445	o0900820
EASL0446	o0900821
EASL0447	o0900816
EASL0448	o0900822
EASL0449	o0900823
EASL0450	o0900824
EASL0451	o0900825
EASL0452	o0900810
EASL0453	o0900814
EASL0454	o0900815
EASL0455	o0900826
EASL0456	o0900827
EASL0457	o0900829
EASL0458	o0900832
EASL0459	o0900834
EASL0460	o0900830
EASL0461	o0900835
EASL0462	o0900836
EASL0463	o0900839
EASL0464	o0900840
EASL0465	o0900841
EASL0466	o0900842
EASL0467	o0900843
EASL0468	o0900845
EASL0469	o0900853
EASL0470	o0900846
EASL0471	o0900851
EASL0472	o0900848
EASL0473	o0900849
EASL0474	o0900855
EASL0475	o0900856
EASL0476	o0900858
EASL0477	o0900864
EASL0478	o0900859
EASL0479	o0900860
EASL0480	o0900862
EASL0481	o0900866
EASL0482	o0900869
EASL0483	o0900870
EASL0484	o0900871
EASL0485	o0900867
EASL0486	o0900873
EASL0487	o0900874
EASL0488	o0900875
EASL0489	o0900877
EASL0490	o0900879
EASL0491	o0900880
EASL0492	o0900881
EASL0493	o0900883
EASL0494	o0900884
EASL0495	o0900876
EASL0496	o0900885
EASL0497	o0900887
EASL0498	o0900889
EASL0499	o0900892
EASL0500	o0900890
EASL0501	o0900893
EASL0502	o0900896
EASL0503	o0900897
EASL0504	o0900898
EASL0505	o0900899
EASL0506	o0900903
EASL0507	o0900905
EASL0508	o0900906
EASL0509	o0900907
EASL0510	o0900908
EASL0511	o0900911
EASL0512	o0900914
EASL0513	o0900912
EASL0514	o0900916
EASL0515	o0900917
EASL0516	o0900918
EASL0517	o0900919
EASL0518	o0900920
EASL0519	o0900923
EASL0520	o0900925
EASL0521	o0900926
EASL0522	o0900927
EASL0523	o0900929
EASL0524	o0900934
EASL0525	o0900930
EASL0526	o0900931
EASL0527	o0900932
EASL0528	o0900935
EASL0529	o0900937
EASL0530	o0900938
EASL0531	o0900941
EASL0532	o0900944
EASL0533	o0900945
EASL0534	o0900946
EASL0535	o0900948
EASL0536	o0900952
EASL0537	o0900950
EASL0538	o0900953
EASL0539	o0900954
EASL0540	o0900955
EASL0541	o0900956
EASL0542	o0900957
EASL0543	o0900958
EASL0544	o0900959
EASL0545	o0900960
EASL0546	o0900962
EASL0547	o0900966
EASL0548	o0900972
EASL0549	o0900974
EASL0550	o0900967
EASL0551	o0900968
EASL0552	o0900969
EASL0553	o0900970
EASL0554	o0900971
EASL0555	o0900976
EASL0556	o0900977
EASL0557	o0900978
EASL0558	o0900979
EASL0559	o0900981
EASL0560	o0900983
EASL0561	o0900987
EASL0562	o0900984
EASL0563	o0900988
EASL0564	o0900991
EASL0565	o0900992
EASL0566	o0900993
EASL0567	o0900995
EASL0568	o0900997
EASL0569	o0900998
EASL0570	o0901000
EASL0571	o0901003
EASL0572	o0901001
EASL0573	o0901005
EASL0574	o0901007
EASL0575	o0901009
EASL0576	o0901014
EASL0577	o0901010
EASL0578	o0901011
EASL0579	o0901012
EASL0580	o0901016
EASL0581	o0901018
EASL0582	o0901020
EASL0583	o0901022
EASL0584	o0901028
EASL0585	o0901030
EASL0586	o0901036
EASL0587	o0901033
EASL0588	o0901038
EASL0589	o0901039
EASL0590	o0901040
EASL0591	o0901041
EASL0592	o0901043
EASL0593	o0901044
EASL0594	o0901045
EASL0595	o0901047
EASL0596	o0901048
EASL0597	o0901049
EASL0598	o0901050
EASL0599	o0901052
EASL0600	o0901055
EASL0601	o0901053
EASL0602	o0901057
EASL0603	o0901058
EASL0604	o0901060
EASL0605	o0901062
EASL0606	o0901063
EASL0607	o0901064
EASL0608	o0901065
EASL0609	o0901066
EASL0610	o0901067
EASL0611	o0901071
EASL0612	o0901073
EASL0613	o0901074
EASL0614	o0901075
EASL0615	o0901076
EASL0616	o0901078
EASL0617	o0901080
EASL0618	o0901086
EASL0619	o0901088
EASL0620	o0901082
EASL0621	o0901083
EASL0622	o0901089
EASL0623	o0901090
EASL0624	o0901091
EASL0625	o0901093
EASL0626	o0901094
EASL0627	o0901095
EASL0628	o0901097
EASL0629	o0901098
EASL0630	o0901099
EASL0631	o0901100
EASL0632	o0901101
EASL0633	o0901102
EASL0634	o0901104
EASL0635	o0901106
EASL0636	o0901107
EASL0637	o0901108
EASL0638	o0901109
EASL0639	o0901111
EASL0640	o0901113
EASL0641	o0901114
EASL0642	o0901115
EASL0643	o0901116
EASL0644	o0901120
EASL0645	o0901117
EASL0646	o0901122
EASL0647	o0901123
EASL0648	o0901127
EASL0649	o0901128
EASL0650	o0901131
EASL0651	o0901132
EASL0652	o0901133
EASL0653	o0901136
EASL0654	o0901140
EASL0655	o0901137
EASL0656	o0901138
EASL0657	o0901142
EASL0658	o0901143
EASL0659	o0901145
EASL0660	o0901149
EASL0661	o0901151
EASL0662	o0901153
EASL0663	o0901155
EASL0664	o0901146
EASL0665	o0901147
EASL0666	o0901156
EASL0667	o0901158
EASL0668	o0901164
EASL0669	o0901167
EASL0670	o0901159
EASL0671	o0901165
EASL0672	o0901160
EASL0673	o0901162
EASL0674	o0901169
EASL0675	o0901170
EASL0676	o0901172
EASL0677	o0901173
EASL0678	o0901174
EASL0679	o0901175
EASL0680	o0901176
EASL0681	o0901177
EASL0682	o0901179
EASL0683	o0901180
EASL0684	o0901181
EASL0685	o0901182
EASL0686	o0901184
EASL0687	o0901186
EASL0688	o0901191
EASL0689	o0901195
EASL0690	o0901197
EASL0691	o0901205
EASL0692	o0901207
EASL0693	o0901209
EASL0694	o0901213
EASL0695	o0901217
EASL0696	o0901219
EASL0697	o0901229
EASL0698	o0901231
EASL0699	o0901234
EASL0700	o0901237
EASL0701	o0901239
EASL0702	o0901243
EASL0703	o0901245
EASL0704	o0901248
EASL0705	o0901250
EASL0706	o0901253
EASL0707	o0901255
EASL0708	o0901258
EASL0709	o0901223
EASL0710	o0901187
EASL0711	o0901193
EASL0712	o0901199
EASL0713	o0901201
EASL0714	o0901211
EASL0715	o0901232
EASL0716	o0901235
EASL0717	o0901241
EASL0718	o0901246
EASL0719	o0901251
EASL0720	o0901256
EASL0721	o0901221
EASL0722	o0901260
EASL0723	o0901262
EASL0724	o0901267
EASL0725	o0901263
EASL0726	o0901264
EASL0727	o0901265
EASL0728	o0901268
EASL0729	o0901295
EASL0730	o0901296
EASL0731	o0901297
EASL0732	o0901298
EASL0733	o0901299
EASL0734	o0901300
EASL0735	o0901270
EASL0736	o0901273
EASL0737	o0901277
EASL0738	o0901271
EASL0739	o0901279
EASL0740	o0901280
EASL0741	o0901281
EASL0742	o0901283
EASL0743	o0901284
EASL0744	o0901290
EASL0745	o0901292
EASL0746	o0901294
EASL0747	o0901287
EASL0748	o0901301
EASL0749	o0901303
EASL0750	o0901304
EASL0751	o0901308
EASL0752	o0901309
EASL0753	o0901310
EASL0754	o0901312
EASL0755	o0901313
EASL0756	o0901316
EASL0757	o0901318
EASL0758	o0901315
EASL0759	o0901319
EASL0760	o0901317
EASL0761	o0901320
EASL0762	o0901322
EASL0763	o0901323
EASL0764	o0901325
EASL0765	o0901328
EASL0766	o0901330
EASL0767	o0901332
EASL0768	o0901335
EASL0769	o0901338
EASL0770	o0901343
EASL0771	o0901345
EASL0772	o0901349
EASL0773	o0901351
EASL0774	o0901353
EASL0775	o0901355
EASL0776	o0901357
EASL0777	o0901359
EASL0778	o0901326
EASL0779	o0901333
EASL0780	o0901336
EASL0781	o0901339
EASL0782	o0901341
EASL0783	o0901361
EASL0784	o0901373
EASL0784a	o0901375
EASL0785	o0901363
EASL0786	o0901367
EASL0787	o0901369
EASL0788	o0901371
EASL0789	o0901376
EASL0790	o0901377
EASL0791	o0901378
EASL0792	o0901380
EASL0793	o0901381
EASL0794	o0901382
EASL0795	o0901384
EASL0796	o0901386
EASL0797	o0901387
EASL0798	o0901390
EASL0799	o0901391
EASL0800	o0901392
EASL0801	o0901393
EASL0802	o0901396
EASL0803	o0901401
EASL0804	o0901403
EASL0805	o0901397
EASL0806	o0901398
EASL0807	o0901399
EASL0808	o0901404
EASL0809	o0901407
EASL0810	o0901408
EASL0811	o0901409
EASL0812	o0901410
EASL0813	o0901411
EASL0814	o0901413
EASL0815	o0901414
EASL0816	o0901415
EASL0817	o0901416
EASL0818	o0901417
EASL0819	o0901419
EASL0820	o0901424
EASL0821	o0901422
EASL0822	o0901426
EASL0823	o0901429
EASL0824	o0901434
EASL0825	o0901435
EASL0826	o0901430
EASL0827	o0901431
EASL0828	o0901432
EASL0829	o0902870
EASL0830	o0902413
EASL0831	o0903211
EASL0832	o0901748
EASL0833	o0903219
EASL0834	o0903220
EASL0835	o0903223
EASL0836	o0903227
EASL0837	o0903230
EASL0838	o0903231
EASL0839	o0903235
EASL0840	o0903239
EASL0841	o0903241
EASL0842	o0903243
EASL0843	o0903245
EASL0844	o0903246
EASL0845	o0903248
EASL0846	o0903252
EASL0847	o0903258
EASL0848	o0903259
EASL0849	o0903261
EASL0850	o0903263
EASL0851	o0903265
EASL0852	o0903267
EASL0853	o0903270
EASL0854	o0903272
EASL0855	o0903277
EASL0856	o0903283
EASL0857	o0903281
EASL0858	o0903287
EASL0859	o0901437
EASL0860	o0901438
EASL0861	o0901439
EASL0862	o0901440
EASL0863	o0901442
EASL0864	o0901444
EASL0865	o0901445
EASL0866	o0901448
EASL0867	o0901452
EASL0868	o0901455
EASL0869	o0901453
EASL0870	o0901457
EASL0871	o0901461
EASL0872	o0901464
EASL0873	o0901465
EASL0874	o0901466
EASL0875	o0901467
EASL0876	o0901468
EASL0877	o0901469
EASL0878	o0901470
EASL0879	o0901471
EASL0880	o0901472
EASL0881	o0901475
EASL0882	o0901477
EASL0883	o0901479
EASL0884	o0901480
EASL0885	o0901481
EASL0886	o0901483
EASL0887	o0901486
EASL0888	o0901487
EASL0889	o0901488
EASL0890	o0901491
EASL0891	o0901493
EASL0892	o0901496
EASL0893	o0901499
EASL0894	o0901501
EASL0895	o0901504
EASL0896	o0901506
EASL0897	o0901512
EASL0898	o0901502
EASL0899	o0901510
EASL0900	o0901508
EASL0901	o0901513
EASL0902	o0901514
EASL0903	o0901516
EASL0904	o0901517
EASL0905	o0901518
EASL0906	o0901519
EASL0907	o0901521
EASL0908	o0901524
EASL0909	o0901525
EASL0910	o0901527
EASL0911	o0901528
EASL0912	o0901535
EASL0913	o0901537
EASL0914	o0901538
EASL0915	o0901540
EASL0916	o0901542
EASL0917	o0901543
EASL0918	o0901544
EASL0919	o0901546
EASL0920	o0901547
EASL0921	o0901534
EASL0922	o0901548
EASL0923	o0901533
EASL0924	o0901530
EASL0925	o0901549
EASL0926	o0901553
EASL0927	o0901556
EASL0928	o0901562
EASL0929	o0901566
EASL0930	o0901567
EASL0931	o0901568
EASL0932	o0901570
EASL0933	o0901572
EASL0934	o0901574
EASL0935	o0901575
EASL0936	o0901557
EASL0937	o0901558
EASL0938	o0901559
EASL0939	o0901551
EASL0940	o0901560
EASL0941	o0901577
EASL0942	o0901578
EASL0943	o0901580
EASL0944	o0901583
EASL0945	o0901581
EASL0946	o0901584
EASL0947	o0901585
EASL0948	o0901586
EASL0949	o0901587
EASL0950	o0901588
EASL0951	o0901589
EASL0952	o0901590
EASL0953	o0901592
EASL0954	o0901603
EASL0955	o0901606
EASL0956	o0901607
EASL0957	o0901608
EASL0958	o0901611
EASL0959	o0901593
EASL0960	o0901609
EASL0961	o0901594
EASL0962	o0901598
EASL0963	o0901613
EASL0964	o0901614
EASL0965	o0901623
EASL0966	o0901615
EASL0967	o0901616
EASL0968	o0901617
EASL0969	o0901618
EASL0970	o0901625
EASL0971	o0901628
EASL0972	o0901634
EASL0973	o0901636
EASL0974	o0901637
EASL0975	o0901639
EASL0976	o0901643
EASL0977	o0901640
EASL0978	o0901645
EASL0979	o0901646
EASL0980	o0901647
EASL0981	o0901648
EASL0982	o0901653
EASL0983	o0901649
EASL0984	o0901656
EASL0985	o0901657
EASL0986	o0901659
EASL0987	o0901662
EASL0988	o0901664
EASL0989	o0901660
EASL0990	o0901665
EASL0991	o0901666
EASL0992	o0901668
EASL0993	o0901669
EASL0994	o0901670
EASL0995	o0901672
EASL0996	o0901674
EASL0997	o0901675
EASL0998	o0901677
EASL0999	o0901681
EASL1000	o0901691
EASL1001	o0901684
EASL1002	o0901686
EASL1003	o0901687
EASL1004	o0901688
EASL1005	o0901694
EASL1006	o0901695
EASL1007	o0901682
EASL1008	o0901696
EASL1009	o0901697
EASL1010	o0901699
EASL1011	o0901701
EASL1012	o0901703
EASL1013	o0901704
EASL1014	o0901709
EASL1015	o0901712
EASL1016	o0901714
EASL1017	o0901718
EASL1018	o0901723
EASL1019	o0901719
EASL1020	o0901720
EASL1021	o0901724
EASL1022	o0901729
EASL1023	o0901734
EASL1024	o0901739
EASL1025	o0901740
EASL1026	o0901741
EASL1027	o0901742
EASL1028	o0901744
EASL1029	o0901746
EASL1030	o0901751
EASL1031	o0901752
EASL1032	o0901753
EASL1033	o0901756
EASL1034	o0901757
EASL1035	o0901767
EASL1036	o0901769
EASL1037	o0901758
EASL1038	o0901759
EASL1039	o0901760
EASL1040	o0901761
EASL1041	o0901763
EASL1042	o0901764
EASL1043	o0901765
EASL1044	o0901770
EASL1045	o0901771
EASL1046	o0901773
EASL1047	o0901775
EASL1048	o0901781
EASL1049	o0901783
EASL1050	o0901786
EASL1051	o0901787
EASL1052	o0901790
EASL1053	o0901792
EASL1054	o0901794
EASL1055	o0901795
EASL1056	o0901796
EASL1057	o0901800
EASL1058	o0901802
EASL1059	o0901804
EASL1060	o0901806
EASL1061	o0901808
EASL1062	o0901809
EASL1063	o0901810
EASL1064	o0901812
EASL1065	o0901814
EASL1066	o0901816
EASL1067	o0901818
EASL1068	o0901826
EASL1069	o0901829
EASL1070	o0901834
EASL1071	o0901836
EASL1072	o0901838
EASL1073	o0901839
EASL1074	o0901841
EASL1075	o0901843
EASL1076	o0901845
EASL1077	o0901848
EASL1078	o0901850
EASL1079	o0901852
EASL1080	o0901854
EASL1081	o0901856
EASL1082	o0901822
EASL1083	o0901824
EASL1084	o0901776
EASL1085	o0901788
EASL1086	o0901798
EASL1087	o0901827
EASL1088	o0901831
EASL1089	o0901777
EASL1090	o0901830
EASL1091	o0901846
EASL1092	o0901858
EASL1093	o0901832
EASL1094	o0901860
EASL1095	o0901861
EASL1096	o0901862
EASL1097	o0901864
EASL1098	o0901865
EASL1099	o0901866
EASL1100	o0901868
EASL1101	o0901870
EASL1102	o0901875
EASL1103	o0901872
EASL1104	o0901876
EASL1105	o0901878
EASL1106	o0901879
EASL1107	o0901880
EASL1108	o0901881
EASL1109	o0901883
EASL1110	o0901884
EASL1111	o0901887
EASL1112	o0901888
EASL1113	o0901890
EASL1114	o0901891
EASL1115	o0901892
EASL1116	o0901893
EASL1117	o0901895
EASL1118	o0901896
EASL1119	o0901898
EASL1120	o0901899
EASL1121	o0901902
EASL1122	o0901906
EASL1123	o0901904
EASL1124	o0901907
EASL1125	o0901908
EASL1126	o0901909
EASL1127	o0901910
EASL1128	o0901914
EASL1129	o0901915
EASL1130	o0901916
EASL1131	o0901918
EASL1132	o0901919
EASL1133	o0901920
EASL1134	o0901921
EASL1135	o0901922
EASL1136	o0901926
EASL1137	o0901928
EASL1138	o0901930
EASL1139	o0901932
EASL1140	o0901934
EASL1141	o0901935
EASL1142	o0901936
EASL1143	o0901938
EASL1144	o0901939
EASL1145	o0901940
EASL1146	o0901941
EASL1147	o0901943
EASL1148	o0901944
EASL1149	o0901953
EASL1150	o0901955
EASL1151	o0901959
EASL1152	o0901961
EASL1153	o0901947
EASL1154	o0901948
EASL1155	o0901962
EASL1156	o0901966
EASL1157	o0901967
EASL1158	o0901969
EASL1159	o0901971
EASL1160	o0901973
EASL1161	o0901981
EASL1162	o0901974
EASL1163	o0901979
EASL1164	o0901977
EASL1165	o0901983
EASL1166	o0901984
EASL1167	o0901986
EASL1168	o0901988
EASL1169	o0901990
EASL1170	o0901991
EASL1171	o0901993
EASL1172	o0901996
EASL1173	o0901998
EASL1174	o0902000
EASL1175	o0902004
EASL1176	o0902014
EASL1177	o0902020
EASL1178	o0902022
EASL1179	o0902024
EASL1180	o0902016
EASL1181	o0902026
EASL1182	o0902005
EASL1183	o0902006
EASL1184	o0902007
EASL1185	o0903420
EASL1186	o0902008
EASL1187	o0902012
EASL1188	o0902009
EASL1189	o0902018
EASL1190	o0902030
EASL1191	o0902032
EASL1192	o0902010
EASL1193	o0902033
EASL1194	o0902034
EASL1195	o0902035
EASL1196	o0902036
EASL1197	o0902037
EASL1198	o0902039
EASL1199	o0902046
EASL1200	o0902048
EASL1201	o0902050
EASL1202	o0902056
EASL1203	o0902043
EASL1204	o0902044
EASL1205	o0902049
EASL1206	o0902051
EASL1207	o0902052
EASL1208	o0902059
EASL1209	o0902060
EASL1210	o0902061
EASL1211	o0902063
EASL1212	o0902064
EASL1213	o0902068
EASL1214	o0902070
EASL1215	o0902072
EASL1216	o0902074
EASL1217	o0902075
EASL1218	o0902076
EASL1219	o0902077
EASL1220	o0902081
EASL1221	o0902078
EASL1222	o0902079
EASL1223	o0902083
EASL1224	o0902092
EASL1225	o0902084
EASL1226	o0902085
EASL1227	o0902086
EASL1228	o0902087
EASL1229	o0902088
EASL1230	o0902089
EASL1231	o0902094
EASL1232	o0902098
EASL1233	o0902096
EASL1234	o0902100
EASL1235	o0902101
EASL1236	o0902102
EASL1237	o0902103
EASL1238	o0902105
EASL1239	o0902106
EASL1240	o0902107
EASL1241	o0902108
EASL1242	o0902109
EASL1243	o0902111
EASL1244	o0902112
EASL1245	o0902114
EASL1246	o0902116
EASL1247	o0902121
EASL1248	o0902123
EASL1249	o0902117
EASL1250	o0902118
EASL1251	o0902119
EASL1252	o0902128
EASL1253	o0902133
EASL1254	o0902129
EASL1255	o0902130
EASL1256	o0902131
EASL1257	o0902136
EASL1258	o0902137
EASL1259	o0902138
EASL1260	o0902139
EASL1261	o0902143
EASL1262	o0902144
EASL1263	o0902146
EASL1264	o0902154
EASL1265	o0902147
EASL1266	o0902152
EASL1267	o0902148
EASL1268	o0902156
EASL1269	o0902157
EASL1270	o0902160
EASL1271	o0902161
EASL1272	o0902177
EASL1273	o0902163
EASL1274	o0902164
EASL1275	o0902165
EASL1276	o0902166
EASL1277	o0902167
EASL1278	o0902168
EASL1279	o0902169
EASL1280	o0902170
EASL1281	o0902171
EASL1282	o0902172
EASL1283	o0902173
EASL1284	o0902174
EASL1285	o0902175
EASL1286	o0902176
EASL1287	o0902216
EASL1288	o0902217
EASL1289	o0902178
EASL1290	o0902179
EASL1291	o0902182
EASL1292	o0902185
EASL1293	o0902183
EASL1294	o0902184
EASL1295	o0902186
EASL1296	o0902187
EASL1297	o0902188
EASL1298	o0902189
EASL1299	o0902190
EASL1300	o0902191
EASL1301	o0902192
EASL1302	o0902193
EASL1303	o0902194
EASL1304	o0902195
EASL1305	o0902181
EASL1306	o0902196
EASL1307	o0902198
EASL1308	o0902200
EASL1309	o0902201
EASL1310	o0902202
EASL1311	o0902203
EASL1312	o0902204
EASL1313	o0902205
EASL1314	o0902206
EASL1315	o0902207
EASL1316	o0902208
EASL1317	o0902209
EASL1318	o0902210
EASL1319	o0902211
EASL1320	o0902212
EASL1321	o0902213
EASL1322	o0902214
EASL1323	o0902215
EASL1324	o0902226
EASL1325	o0902220
EASL1326	o0902225
EASL1327	o0902227
EASL1328	o0902229
EASL1329	o0902230
EASL1330	o0902234
EASL1331	o0902241
EASL1332	o0902237
EASL1333	o0902238
EASL1334	o0902243
EASL1335	o0902247
EASL1336	o0902248
EASL1337	o0902244
EASL1338	o0902245
EASL1339	o0902250
EASL1340	o0902251
EASL1341	o0902252
EASL1342	o0902254
EASL1343	o0902256
EASL1344	o0902259
EASL1345	o0902257
EASL1346	o0902261
EASL1347	o0902263
EASL1348	o0902268
EASL1349	o0902270
EASL1350	o0902272
EASL1351	o0902274
EASL1352	o0902282
EASL1353	o0902284
EASL1354	o0902276
EASL1355	o0902278
EASL1356	o0902280
EASL1357	o0902265
EASL1358	o0902286
EASL1359	o0902287
EASL1360	o0902288
EASL1361	o0902289
EASL1362	o0902290
EASL1363	o0902293
EASL1364	o0902298
EASL1365	o0902300
EASL1366	o0902295
EASL1367	o0902296
EASL1368	o0902302
EASL1369	o0902306
EASL1370	o0902308
EASL1371	o0902303
EASL1372	o0902304
EASL1373	o0902309
EASL1374	o0902311
EASL1375	o0902310
EASL1376	o0902313
EASL1377	o0902315
EASL1378	o0902316
EASL1379	o0902317
EASL1380	o0902321
EASL1381	o0902318
EASL1382	o0902323
EASL1383	o0902324
EASL1384	o0902325
EASL1385	o0902327
EASL1386	o0902328
EASL1387	o0902329
EASL1388	o0902330
EASL1389	o0902332
EASL1390	o0902336
EASL1391	o0902334
EASL1392	o0902337
EASL1393	o0902339
EASL1394	o0902345
EASL1395	o0902347
EASL1396	o0902349
EASL1397	o0902351
EASL1398	o0902365
EASL1399	o0902367
EASL1400	o0902369
EASL1401	o0902357
EASL1402	o0902359
EASL1403	o0902371
EASL1404	o0902340
EASL1405	o0902363
EASL1406	o0902353
EASL1407	o0902341
EASL1408	o0902342
EASL1409	o0902343
EASL1410	o0902373
EASL1411	o0902376
EASL1412	o0902377
EASL1413	o0902379
EASL1414	o0902380
EASL1415	o0902381
EASL1416	o0902382
EASL1417	o0902384
EASL1418	o0902392
EASL1419	o0902385
EASL1420	o0902388
EASL1421	o0902390
EASL1422	o0902393
EASL1423	o0902394
EASL1424	o0902396
EASL1425	o0902397
EASL1426	o0902398
EASL1427	o0902400
EASL1428	o0902404
EASL1429	o0902401
EASL1430	o0902406
EASL1431	o0902407
EASL1432	o0902408
EASL1433	o0902409
EASL1434	o0902411
EASL1435	o0902412
EASL1436	o0902416
EASL1437	o0902418
EASL1438	o0902419
EASL1439	o0902420
EASL1440	o0902422
EASL1441	o0902424
EASL1442	o0902425
EASL1443	o0902427
EASL1444	o0902428
EASL1445	o0902429
EASL1446	o0902430
EASL1447	o0902431
EASL1448	o0902433
EASL1449	o0902434
EASL1450	o0902435
EASL1451	o0902436
EASL1452	o0902437
EASL1453	o0902438
EASL1454	o0902442
EASL1455	o0902443
EASL1456	o0902444
EASL1457	o0902445
EASL1458	o0902448
EASL1459	o0902449
EASL1460	o0902450
EASL1461	o0902451
EASL1462	o0902453
EASL1463	o0902455
EASL1464	o0902456
EASL1465	o0902458
EASL1466	o0902459
EASL1467	o0902461
EASL1468	o0902463
EASL1469	o0902464
EASL1470	o0902466
EASL1471	o0902467
EASL1472	o0902468
EASL1473	o0902469
EASL1474	o0902470
EASL1475	o0902472
EASL1476	o0902473
EASL1477	o0902474
EASL1478	o0902475
EASL1479	o0902476
EASL1480	o0902477
EASL1481	o0902479
EASL1482	o0902482
EASL1483	o0902480
EASL1484	o0902483
EASL1485	o0902484
EASL1486	o0902486
EASL1487	o0902487
EASL1488	o0902489
EASL1489	o0902490
EASL1490	o0902493
EASL1491	o0902495
EASL1492	o0902496
EASL1493	o0902497
EASL1494	o0902499
EASL1495	o0902502
EASL1496	o0902504
EASL1497	o0902501
EASL1498	o0902505
EASL1499	o0902506
EASL1500	o0902507
EASL1501	o0902508
EASL1502	o0902509
EASL1503	o0902511
EASL1504	o0902515
EASL1505	o0902518
EASL1506	o0902519
EASL1507	o0902520
EASL1508	o0902521
EASL1509	o0902522
EASL1510	o0902523
EASL1511	o0902524
EASL1512	o0902525
EASL1513	o0902526
EASL1514	o0902528
EASL1515	o0902529
EASL1516	o0902531
EASL1517	o0902532
EASL1518	o0902534
EASL1519	o0902535
EASL1520	o0902537
EASL1521	o0902538
EASL1522	o0902539
EASL1523	o0902540
EASL1524	o0902542
EASL1525	o0902543
EASL1526	o0902544
EASL1527	o0902546
EASL1528	o0902547
EASL1529	o0902548
EASL1530	o0902549
EASL1531	o0902551
EASL1532	o0902552
EASL1533	o0902553
EASL1534	o0902554
EASL1535	o0902555
EASL1536	o0902557
EASL1537	o0902558
EASL1538	o0902559
EASL1539	o0902560
EASL1540	o0902562
EASL1541	o0902563
EASL1542	o0902564
EASL1543	o0902565
EASL1544	o0902566
EASL1545	o0902567
EASL1546	o0902568
EASL1547	o0902571
EASL1548	o0902573
EASL1549	o0902574
EASL1550	o0902575
EASL1551	o0902577
EASL1552	o0902580
EASL1553	o0902581
EASL1554	o0902582
EASL1555	o0902584
EASL1556	o0902588
EASL1557	o0902589
EASL1558	o0902591
EASL1559	o0902592
EASL1560	o0902593
EASL1561	o0902594
EASL1562	o0902595
EASL1563	o0902596
EASL1564	o0902597
EASL1565	o0902598
EASL1566	o0902599
EASL1567	o0902601
EASL1568	o0902602
EASL1569	o0902603
EASL1570	o0902604
EASL1571	o0902605
EASL1572	o0902607
EASL1573	o0902610
EASL1574	o0902611
EASL1575	o0902612
EASL1576	o0902613
EASL1577	o0902614
EASL1578	o0902616
EASL1579	o0902617
EASL1580	o0902618
EASL1581	o0902619
EASL1582	o0902620
EASL1583	o0902621
EASL1584	o0902622
EASL1585	o0902623
EASL1586	o0902624
EASL1587	o0902625
EASL1588	o0902626
EASL1589	o0902629
EASL1590	o0902630
EASL1591	o0902631
EASL1592	o0902632
EASL1593	o0902633
EASL1594	o0902634
EASL1595	o0902636
EASL1596	o0902637
EASL1597	o0902638
EASL1598	o0902639
EASL1599	o0902641
EASL1600	o0902642
EASL1601	o0902645
EASL1602	o0902647
EASL1603	o0902648
EASL1604	o0902649
EASL1605	o0902653
EASL1606	o0902655
EASL1607	o0902657
EASL1608	o0902658
EASL1609	o0902661
EASL1610	o0902663
EASL1611	o0902665
EASL1612	o0902669
EASL1613	o0902670
EASL1614	o0902673
EASL1615	o0902675
EASL1616	o0902677
EASL1617	o0902679
EASL1618	o0902682
EASL1619	o0902664
EASL1620	o0902683
EASL1621	o0902671
EASL1622	o0902680
EASL1623	o0902687
EASL1624	o0902690
EASL1625	o0902691
EASL1626	o0902692
EASL1627	o0902697
EASL1628	o0902698
EASL1629	o0902699
EASL1630	o0902701
EASL1631	o0902702
EASL1632	o0902704
EASL1633	o0902705
EASL1634	o0902706
EASL1635	o0902708
EASL1636	o0902710
EASL1637	o0902711
EASL1638	o0902714
EASL1639	o0902717
EASL1640	o0902715
EASL1641	o0902718
EASL1642	o0902719
EASL1643	o0902720
EASL1644	o0902722
EASL1645	o0902729
EASL1646	o0902725
EASL1647	o0902727
EASL1648	o0902730
EASL1649	o0902731
EASL1650	o0902732
EASL1651	o0902733
EASL1652	o0902734
EASL1653	o0902735
EASL1654	o0902736
EASL1655	o0902737
EASL1656	o0902739
EASL1657	o0902741
EASL1658	o0902742
EASL1659	o0902743
EASL1660	o0902744
EASL1661	o0902746
EASL1662	o0902749
EASL1663	o0902750
EASL1664	o0902751
EASL1665	o0902752
EASL1666	o0902753
EASL1667	o0902754
EASL1668	o0902755
EASL1669	o0902756
EASL1670	o0902757
EASL1671	o0902758
EASL1672	o0902759
EASL1673	o0902760
EASL1674	o0902761
EASL1675	o0902762
EASL1676	o0902763
EASL1677	o0902764
EASL1678	o0902765
EASL1679	o0902766
EASL1680	o0902767
EASL1681	o0902768
EASL1682	o0902769
EASL1683	o0902771
EASL1684	o0902772
EASL1685	o0902773
EASL1686	o0902774
EASL1687	o0902775
EASL1688	o0902776
EASL1689	o0902777
EASL1690	o0902778
EASL1691	o0902779
EASL1692	o0902780
EASL1693	o0902781
EASL1694	o0902782
EASL1695	o0902783
EASL1696	o0902784
EASL1697	o0902785
EASL1698	o0902786
EASL1699	o0902787
EASL1700	o0902788
EASL1701	o0902789
EASL1702	o0902790
EASL1703	o0902791
EASL1704	o0902792
EASL1705	o0902793
EASL1706	o0902794
EASL1707	o0902795
EASL1708	o0902796
EASL1709	o0902797
EASL1710	o0902798
EASL1711	o0902799
EASL1712	o0902800
EASL1713	o0902801
EASL1714	o0902803
EASL1715	o0902804
EASL1716	o0902805
EASL1717	o0902806
EASL1718	o0902808
EASL1719	o0902809
EASL1720	o0902810
EASL1721	o0902811
EASL1722	o0902812
EASL1723	o0902813
EASL1724	o0902814
EASL1725	o0902815
EASL1726	o0902816
EASL1727	o0902817
EASL1728	o0902818
EASL1729	o0902819
EASL1730	o0902820
EASL1731	o0902821
EASL1732	o0902822
EASL1733	o0902823
EASL1734	o0902829
EASL1735	o0902831
EASL1736	o0902832
EASL1737	o0902836
EASL1738	o0902838
EASL1739	o0902839
EASL1740	o0902841
EASL1741	o0902845
EASL1742	o0902847
EASL1743	o0902858
EASL1744	o0902859
EASL1745	o0902860
EASL1746	o0902861
EASL1747	o0902862
EASL1748	o0902863
EASL1749	o0902864
EASL1750	o0902865
EASL1751	o0902866
EASL1752	o0902868
EASL1753	o0902848
EASL1754	o0902849
EASL1755	o0902850
EASL1756	o0902851
EASL1757	o0902852
EASL1758	o0902853
EASL1759	o0902854
EASL1760	o0902855
EASL1761	o0902856
EASL1762	o0902857
EASL1763	o0902869
EASL1764	o0902871
EASL1765	o0902872
EASL1766	o0902873
EASL1767	o0902874
EASL1768	o0902875
EASL1769	o0902876
EASL1770	o0902877
EASL1771	o0902878
EASL1772	o0902879
EASL1773	o0902880
EASL1774	o0902881
EASL1775	o0902882
EASL1776	o0902883
EASL1777	o0902884
EASL1778	o0902885
EASL1779	o0902886
EASL1780	o0902887
EASL1781	o0902888
EASL1782	o0902889
EASL1783	o0902890
EASL1784	o0902891
EASL1785	o0902892
EASL1786	o0902893
EASL1787	o0902894
EASL1788	o0902895
EASL1789	o0902896
EASL1790	o0902897
EASL1791	o0902898
EASL1792	o0902899
EASL1793	o0902901
EASL1794	o0902904
EASL1795	o0902907
EASL1796	o0902902
EASL1797	o0902905
EASL1798	o0902908
EASL1799	o0902909
EASL1800	o0902912
EASL1801	o0902914
EASL1802	o0902916
EASL1803	o0902919
EASL1804	o0902920
EASL1805	o0902921
EASL1806	o0902922
EASL1807	o0902923
EASL1808	o0902910
EASL1809	o0902913
EASL1810	o0902915
EASL1811	o0902917
EASL1812	o0902918
EASL1813	o0902924
EASL1814	o0902925
EASL1815	o0902926
EASL1816	o0902927
EASL1817	o0902928
EASL1818	o0902929
EASL1819	o0902930
EASL1820	o0902932
EASL1821	o0902933
EASL1822	o0902934
EASL1823	o0902936
EASL1824	o0902938
EASL1825	o0902939
EASL1826	o0902940
EASL1827	o0902941
EASL1828	o0902943
EASL1829	o0902945
EASL1830	o0902946
EASL1831	o0902947
EASL1832	o0902948
EASL1833	o0902949
EASL1834	o0902950
EASL1835	o0902951
EASL1836	o0902952
EASL1837	o0902953
EASL1838	o0902954
EASL1839	o0902955
EASL1840	o0902956
EASL1841	o0902957
EASL1842	o0902958
EASL1843	o0902959
EASL1844	o0902960
EASL1845	o0902961
EASL1846	o0902962
EASL1847	o0902963
EASL1848	o0902964
EASL1849	o0902965
EASL1850	o0902966
EASL1851	o0902967
EASL1852	o0902968
EASL1853	o0902969
EASL1854	o0902970
EASL1855	o0902972
EASL1856	o0902973
EASL1857	o0902974
EASL1858	o0902975
EASL1859	o0902976
EASL1860	o0902977
EASL1861	o0902978
EASL1862	o0902979
EASL1863	o0902980
EASL1864	o0902982
EASL1865	o0902983
EASL1866	o0902984
EASL1867	o0902985
EASL1868	o0902986
EASL1869	o0902987
EASL1870	o0902988
EASL1871	o0902989
EASL1872	o0902990
EASL1873	o0902991
EASL1874	o0902992
EASL1875	o0902993
EASL1876	o0902994
EASL1877	o0902995
EASL1878	o0902996
EASL1879	o0902997
EASL1880	o0902998
EASL1881	o0902999
EASL1882	o0903000
EASL1883	o0903001
EASL1884	o0903002
EASL1885	o0903003
EASL1886	o0903004
EASL1887	o0903005
EASL1888	o0903006
EASL1889	o0903008
EASL1890	o0903009
EASL1891	o0903010
EASL1892	o0903011
EASL1893	o0903012
EASL1894	o0903013
EASL1895	o0903014
EASL1896	o0903016
EASL1897	o0903019
EASL1898	o0903020
EASL1899	o0903021
EASL1900	o0903017
EASL1901	o0903018
EASL1902	o0903015
EASL1903	o0903022
EASL1904	o0903023
EASL1905	o0903025
EASL1906	o0903026
EASL1907	o0903028
EASL1908	o0903029
EASL1909	o0903030
EASL1910	o0903032
EASL1911	o0903037
EASL1912	o0903034
EASL1913	o0903040
EASL1914	o0903043
EASL1915	o0903041
EASL1916	o0903046
EASL1917	o0903048
EASL1918	o0903049
EASL1919	o0903050
EASL1920	o0903342
EASL1921	o0903054
EASL1922	o0903343
EASL1923	o0903056
EASL1924	o0903057
EASL1925	o0903058
EASL1926	o0903059
EASL1927	o0903060
EASL1928	o0903061
EASL1929	o0903062
EASL1930	o0903063
EASL1931	o0903064
EASL1932	o0903065
EASL1933	o0903066
EASL1934	o0903067
EASL1935	o0903068
EASL1936	o0903070
EASL1937	o0903071
EASL1938	o0903072
EASL1939	o0903073
EASL1940	o0903074
EASL1941	o0903075
EASL1942	o0903076
EASL1943	o0903077
EASL1944	o0903078
EASL1945	o0903069
EASL1946	o0903079
EASL1947	o0903080
EASL1948	o0903081
EASL1949	o0903082
EASL1950	o0903083
EASL1951	o0903084
EASL1952	o0903085
EASL1953	o0903086
EASL1954	o0903087
EASL1955	o0903088
EASL1956	o0903089
EASL1957	o0903090
EASL1958	o0903091
EASL1959	o0903092
EASL1960	o0903093
EASL1961	o0903094
EASL1962	o0903097
EASL1963	o0903100
EASL1964	o0903104
EASL1965	o0903107
EASL1966	o0903098
EASL1967	o0903101
EASL1968	o0903105
EASL1969	o0903108
EASL1970	o0903111
EASL1971	o0903112
EASL1972	o0903113
EASL1973	o0903114
EASL1974	o0903115
EASL1975	o0903116
EASL1976	o0903117
EASL1977	o0903118
EASL1978	o0903120
EASL1979	o0903123
EASL1980	o0903126
EASL1981	o0903129
EASL1982	o0903121
EASL1983	o0903124
EASL1984	o0903127
EASL1985	o0903130
EASL1986	o0903131
EASL1987	o0903132
EASL1988	o0903133
EASL1989	o0903134
EASL1990	o0903137
EASL1991	o0903138
EASL1992	o0903139
EASL1993	o0903140
EASL1994	o0903141
EASL1995	o0903142
EASL1996	o0903143
EASL1997	o0903135
EASL1998	o0903144
EASL1999	o0903145
EASL2000	o0903146
EASL2001	o0903147
EASL2002	o0903148
EASL2003	o0903149
EASL2004	o0903150
EASL2005	o0903151
EASL2006	o0903152
EASL2007	o0903153
EASL2008	o0903154
EASL2009	o0903155
EASL2010	o0903156
EASL2011	o0903157
EASL2012	o0903158
EASL2013	o0903159
EASL2014	o0903160
EASL2015	o0903161
EASL2016	o0903162
EASL2017	o0903163
EASL2018	o0903164
EASL2019	o0903165
EASL2020	o0903166
EASL2021	o0903167
EASL2022	o0903168
EASL2023	o0903169
EASL2024	o0903170
EASL2025	o0903171
EASL2026	o0903172
EASL2027	o0903173
EASL2028	o0903174
EASL2029	o0903175
EASL2030	o0903176
EASL2031	o0903177
EASL2032	o0903178
EASL2033	o0903188
EASL2034	o0903189
EASL2035	o0903190
EASL2036	o0903191
EASL2037	o0903192
EASL2038	o0903193
EASL2039	o0903194
EASL2040	o0903195
EASL2041	o0903179
EASL2042	o0903180
EASL2043	o0903181
EASL2044	o0903182
EASL2045	o0903183
EASL2046	o0903184
EASL2047	o0903185
EASL2048	o0903186
EASL2049	o0903187
EASL2050	o0903196
EASL2051	o0903197
EASL2052	o0903198
EASL2053	o0903199
EASL2054	o0903200
EASL2055	o0903201
EASL2056	o0903202
EASL2057	o0903203
EASL2058	o0903204
EASL2059	o0903205
EASL2060	o0903206
EASL2061	o0903207
EASL2062	o0903208
EASL2063	o0903209
EASL2064	o0903210
EASL2065	o0903216
EASL2066	o0903222
EASL2067	o0903234
EASL2068	o0903257
EASL2069	o0903264
EASL2070	o0903268
EASL2071	o0903273
EASL2072	o0903275
EASL2073	o0903278
EASL2074	o0903279
EASL2075	o0903280
EASL2076	o0903284
EASL2077	o0903285
EASL2078	o0903288
EASL2079	o0903289
EASL2080	o0903290
EASL2081	o0903291
EASL2082	o0903292
EASL2083	o0903293
EASL2084	o0903294
EASL2085	o0903296
EASL2086	o0903297
EASL2087	o0903298
EASL2088	o0903301
EASL2089	o0903302
EASL2090	o0903303
EASL2091	o0903304
