EASL0001	12690
EASL0002	12691
EASL0003	F2C47
EASL0004	12692
EASL0005	12693
EASL0006	12694
EASL0007	12695
EASL0008	F26E9
EASL0009	12696
EASL0010	12697
EASL0011	12698
EASL0011.1	126A2
EASL0011.2	12698
EASL0012	12699
EASL0013	1269A
EASL0014	1269B
EASL0015	1269C
EASL0016	1269D
EASL0017	1269E
EASL0018	1269F
EASL0019	126A0
EASL0020	126A1
EASL0021	126A3
EASL0022	126A4
EASL0023	126A5
EASL0024	126A6
EASL0025	126A7
EASL0025.1	126A7
EASL0025.2	126A9
EASL0026	126A8
EASL0026.1	126AA
EASL0026.2	126A8
EASL0027	126AB
EASL0027.1	126AB
EASL0027.2	126AC
EASL0028	126AD
EASL0029	126AE
EASL0030	126AF
EASL0031	126B0
EASL0032	126B1
EASL0033	126B2
EASL0034	126B3
EASL0035	126B4
EASL0036	126B5
EASL0037	126B6
EASL0038	126B7
EASL0039	126B8
EASL0040	126B9
EASL0041	126BA
EASL0042	126BB
EASL0043	126BC
EASL0044	126BD
EASL0045	F2704
EASL0046	126BE
EASL0047	126BF
EASL0048	126C0
EASL0049	126C1
EASL0049.1	126C1
EASL0049.2	126C3
EASL0050	126C2
EASL0051	126C4
EASL0052	126C5
EASL0052.1	126CA
EASL0052.2	126C5
EASL0052.3	126C9
EASL0053	126C6
EASL0054	126C7
EASL0055	126CB
EASL0056	126C8
EASL0057	126CC
EASL0057.1	126CD
EASL0057.2	126CC
EASL0058	126CE
EASL0059	126CF
EASL0060	126D0
EASL0061	126D1
EASL0062	F2716
EASL0063	126D2
EASL0064	126D3
EASL0065	126D4
EASL0066	126D5
EASL0067	126D6
EASL0067.1	126D7
EASL0067.2	126D6
EASL0068	126D8
EASL0069	126D9
EASL0070	F271E
EASL0071	126DA
EASL0072	126DB
EASL0073	126DC
EASL0074	126DD
EASL0075	126DE
EASL0076	126DF
EASL0077	126E0
EASL0078	126E1
EASL0079	126E2
EASL0080	126E3
EASL0081	126E4
EASL0081.1	126E4
EASL0081.2	126E5
EASL0082	126E7
EASL0082.1	126E6
EASL0082.2	126E7
EASL0083	126E8
EASL0084	126E9
EASL0085	126EB
EASL0085.1	126EA
EASL0085.2	126EB
EASL0086	126EC
EASL0086.1	126EC
EASL0086.2	126ED
EASL0087	126F0
EASL0087.1	126EE
EASL0087.2	126EF
EASL0087.3	126F0
EASL0088	126F1
EASL0089	126F2
EASL0090	126F3
EASL0091	126F4
EASL0092	126F5
EASL0093	126F6
EASL0094	126F7
EASL0095	126F8
EASL0096	126F9
EASL0097	126FA
EASL0098	126FB
EASL0099	126FC
EASL0100	126FD
EASL0101	126FE
EASL0101.1	126FE
EASL0101.2	126FF
EASL0102	12700
EASL0102.1	12700
EASL0102.2	12701
EASL0103	12702
EASL0104	F2AA5
EASL0105	12703
EASL0106	12704
EASL0107	12705
EASL0108	12706
EASL0108.1	12707
EASL0108.2	12706
EASL0109	12708
EASL0109.1	12709
EASL0109.2	12708
EASL0110	1270A
EASL0111	1270B
EASL0111.1	12713
EASL0111.2	1270B
EASL0112	1270C
EASL0112.1	1270C
EASL0112.2	1270D
EASL0113	1270E
EASL0114	1270F
EASL0115	12710
EASL0115.1	12710
EASL0115.2	12711
EASL0116	F2C63
EASL0117	12712
EASL0118	12714
EASL0119	12715
EASL0120	12716
EASL0121	12717
EASL0122	12718
EASL0123	12719
EASL0124	1271A
EASL0125	1271B
EASL0126	1271C
EASL0127	1271D
EASL0128	1271E
EASL0129	1271F
EASL0130	12720
EASL0131	12721
EASL0132	12722
EASL0133	12723
EASL0134	12724
EASL0135	F275E
EASL0136	12725
EASL0137	12726
EASL0138	12727
EASL0139	12728
EASL0140	12729
EASL0141	1272A
EASL0142	1272B
EASL0143	1272C
EASL0144	1272D
EASL0145	1272E
EASL0146	1272F
EASL0146.1	1272F
EASL0146.2	12732
EASL0147	12730
EASL0148	12731
EASL0149	12733
EASL0150	12734
EASL0151	12737
EASL0152	12738
EASL0153	12739
EASL0154	1273A
EASL0155	1273B
EASL0156	1273C
EASL0157	1273D
EASL0158	1273E
EASL0159	1273F
EASL0160	12740
EASL0161	12741
EASL0162	12742
EASL0163	12743
EASL0163.1	12743
EASL0163.2	12744
EASL0164	12745
EASL0164.1	12747
EASL0164.2	12745
EASL0164.3	12746
EASL0165	12748
EASL0166	F2C71
EASL0167	F2C72
EASL0168	12749
EASL0169	1274A
EASL0170	1274B
EASL0171	1274C
EASL0172	1274E
EASL0173	1274F
EASL0174	12750
EASL0174.1	12751
EASL0174.2	12750
EASL0175	12752
EASL0176	12753
EASL0177	12754
EASL0178	12755
EASL0179	12756
EASL0180	12757
EASL0180.1	12757
EASL0180.2	12758
EASL0181	12759
EASL0182	1275A
EASL0183	1275B
EASL0184	1275C
EASL0185	1275D
EASL0185.1	1275D
EASL0185.2	1275E
EASL0186	1275F
EASL0187	12762
EASL0187.1	12761
EASL0187.2	12760
EASL0187.3	12763
EASL0187.4	12762
EASL0187.5	12764
EASL0188	12765
EASL0189	12766
EASL0190	12767
EASL0191	12768
EASL0192	12769
EASL0193	1276A
EASL0194	1276B
EASL0195	1276C
EASL0196	1276D
EASL0196.1	12776
EASL0196.2	12775
EASL0196.3	1276D
EASL0197	F2C7C
EASL0198	1276E
EASL0199	1276F
EASL0200	12770
EASL0201	12771
EASL0202	12772
EASL0203	F2C82
EASL0204	12773
EASL0205	12777
EASL0205.1	127AD
EASL0205.2	12777
EASL0206	12778
EASL0207	12779
EASL0208	1277A
EASL0209	1277B
EASL0210	1277C
EASL0210.1	127AF
EASL0210.2	1277C
EASL0211	1277D
EASL0212	1277E
EASL0213	1277F
EASL0214	12780
EASL0215	12781
EASL0215.1	127B0
EASL0215.2	12781
EASL0216	12782
EASL0217	12783
EASL0218	12784
EASL0219	12785
EASL0219.1	127B1
EASL0219.2	12785
EASL0220	12786
EASL0221	12787
EASL0222	12788
EASL0223	12789
EASL0224	1278A
EASL0225	1278B
EASL0226	1278C
EASL0227	1278D
EASL0227.1	127B3
EASL0227.2	1278D
EASL0228	1278E
EASL0229	1278F
EASL0230	12790
EASL0231	12791
EASL0232	12792
EASL0233	12793
EASL0234	12794
EASL0235	12795
EASL0236	12796
EASL0237	12797
EASL0238	12798
EASL0239	12799
EASL0239.1	127B4
EASL0239.2	12799
EASL0240	1279A
EASL0241	1279B
EASL0242	1279C
EASL0243	1279D
EASL0244	1279E
EASL0245	1279F
EASL0246	127A0
EASL0246.1	127B6
EASL0246.2	127BA
EASL0246.3	127A0
EASL0247	127A1
EASL0248	127A2
EASL0249	127A3
EASL0249.1	127B7
EASL0249.2	127A3
EASL0250	127A4
EASL0251	127A5
EASL0252	127A6
EASL0253	127A7
EASL0254	127A8
EASL0255	127A9
EASL0256	127AA
EASL0256.1	127B8
EASL0256.2	127AA
EASL0257	127AB
EASL0258	127AC
EASL0259	127AE
EASL0260	127B2
EASL0261	127B9
EASL0262	127BF
EASL0262.1	127BC
EASL0262.2	127BF
EASL0263	127C0
EASL0263.1	127BE
EASL0263.2	127BD
EASL0263.3	127C0
EASL0264	127BB
EASL0265	F27A0
EASL0266	127C2
EASL0267	127C3
EASL0268	127C4
EASL0269	127C5
EASL0270	127C6
EASL0271	127C7
EASL0272	127C8
EASL0273	127C9
EASL0274	F27A9
EASL0275	127CA
EASL0276	127CB
EASL0277	127CC
EASL0278	127CD
EASL0279	127CE
EASL0280	127CF
EASL0281	127D0
EASL0282	127D1
EASL0283	127D2
EASL0284	127D3
EASL0285	127D4
EASL0286	127D5
EASL0287	127D9
EASL0287.1	127D6
EASL0287.2	127D7
EASL0287.3	127D8
EASL0287.4	127D9
EASL0288	127DA
EASL0288.1	127DA
EASL0288.2	127DC
EASL0289	127DB
EASL0290	127DD
EASL0290.1	127DD
EASL0290.2	127DF
EASL0291	127DE
EASL0292	127E0
EASL0293	127E1
EASL0294	127E2
EASL0295	127E3
EASL0296	127E4
EASL0297	127E5
EASL0298	127E6
EASL0299	127E7
EASL0300	127E8
EASL0300.1	127E8
EASL0300.2	127E9
EASL0301	127EA
EASL0302	F27C3
EASL0303	F27C4
EASL0304	127EB
EASL0305	127EC
EASL0306	127ED
EASL0307	127EE
EASL0308	127EF
EASL0309	12B5D
EASL0309.1	12B5B
EASL0309.2	12B5D
EASL0310	127F0
EASL0311	127F1
EASL0312	127F2
EASL0313	127F3
EASL0313.1	12801
EASL0313.2	127F3
EASL0314	127F4
EASL0315	127F5
EASL0316	127F6
EASL0317	127F7
EASL0318	127F8
EASL0319	127F9
EASL0320	127FA
EASL0321	127FB
EASL0322	127FC
EASL0323	127FD
EASL0324	127FE
EASL0325	127FF
EASL0326	12800
EASL0327	12802
EASL0328	12803
EASL0329	12804
EASL0330	12805
EASL0331	F27D0
EASL0332	12806
EASL0333	12807
EASL0334	12808
EASL0335	12809
EASL0336	1280E
EASL0336.1	1280A
EASL0336.2	1280B
EASL0336.3	1280D
EASL0336.4	1280E
EASL0336.5	1280F
EASL0337	1280C
EASL0337.1	1280C
EASL0337.2	12810
EASL0338	F2CE1
EASL0339	12811
EASL0340	12812
EASL0341	12813
EASL0342	12814
EASL0343	12815
EASL0344	12816
EASL0345	12817
EASL0346	12818
EASL0347	12819
EASL0348	1281A
EASL0349	1281B
EASL0350	1281C
EASL0351	F2CF0
EASL0352	1281D
EASL0353	1281E
EASL0354	1281F
EASL0355	12820
EASL0356	12821
EASL0357	12822
EASL0358	12823
EASL0359	12824
EASL0360	12825
EASL0361	12826
EASL0362	F2CFB
EASL0363	12827
EASL0364	12828
EASL0365	12829
EASL0366	1282A
EASL0367	1282B
EASL0368	1282C
EASL0369	1282D
EASL0370	1282E
EASL0371	1282F
EASL0372	12830
EASL0373	12831
EASL0374	12832
EASL0375	12833
EASL0376	12834
EASL0377	12835
EASL0378	12836
EASL0379	12837
EASL0380	12838
EASL0381	12839
EASL0382	1283A
EASL0383	1283B
EASL0384	1283C
EASL0385	1283D
EASL0386	1283E
EASL0387	1283F
EASL0388	12840
EASL0389	12841
EASL0390	12842
EASL0391	12843
EASL0392	12844
EASL0393	12845
EASL0394	12846
EASL0395	12847
EASL0396	12848
EASL0397	12849
EASL0398	1284A
EASL0399	1284B
EASL0400	1284C
EASL0401	1284D
EASL0402	1284E
EASL0403	1284F
EASL0404	12850
EASL0405	12851
EASL0406	12853
EASL0406.1	12852
EASL0406.2	12853
EASL0407	12857
EASL0407.1	12854
EASL0407.2	12855
EASL0407.3	12856
EASL0407.4	12857
EASL0408	12858
EASL0408.1	12858
EASL0408.2	12860
EASL0409	12859
EASL0410	1285A
EASL0411	1285B
EASL0412	1285C
EASL0413	1285D
EASL0414	1285E
EASL0415	1285F
EASL0416	12861
EASL0417	12862
EASL0418	12863
EASL0419	12864
EASL0420	12865
EASL0421	F27F5
EASL0422	12866
EASL0423	F2D21
EASL0424	12867
EASL0425	12868
EASL0426	12869
EASL0427	1286A
EASL0428	1286B
EASL0429	1286C
EASL0430	1286D
EASL0431	1286E
EASL0432	1286F
EASL0433	12870
EASL0434	F2800
EASL0435	F2D22
EASL0436	12871
EASL0436.1	12871
EASL0436.2	12872
EASL0436.3	12873
EASL0437	F2D23
EASL0438	12874
EASL0439	12875
EASL0439.1	12875
EASL0439.2	12876
EASL0440	12877
EASL0441	12878
EASL0441.1	12884
EASL0441.2	12878
EASL0442	12879
EASL0443	1287A
EASL0444	1287B
EASL0445	1287C
EASL0446	1287D
EASL0447	1287E
EASL0448	1287F
EASL0449	12880
EASL0450	12881
EASL0451	12882
EASL0452	12885
EASL0453	12886
EASL0454	12887
EASL0455	12888
EASL0456	12883
EASL0457	12889
EASL0458	1288A
EASL0459	1288B
EASL0460	1288C
EASL0461	1288D
EASL0462	1288E
EASL0462.1	1288F
EASL0462.2	1288E
EASL0463	12890
EASL0464	12891
EASL0465	12892
EASL0466	F2812
EASL0467	F2813
EASL0468	12893
EASL0469	12894
EASL0470	12896
EASL0470.1	12895
EASL0470.2	12896
EASL0471	12897
EASL0472	12898
EASL0473	12899
EASL0474	1289A
EASL0475	1289B
EASL0476	1289C
EASL0477	1289D
EASL0478	1289E
EASL0479	1289F
EASL0480	128A0
EASL0481	128A1
EASL0482	128A2
EASL0483	128A3
EASL0484	128A4
EASL0485	F2821
EASL0486	128A5
EASL0487	128A6
EASL0488	128A7
EASL0489	128A8
EASL0490	128A9
EASL0491	128AA
EASL0492	128AB
EASL0493	128AC
EASL0494	128AD
EASL0495	F2825
EASL0496	128AE
EASL0497	F2D40
EASL0498	128AF
EASL0499	128B0
EASL0500	128B1
EASL0501	128B2
EASL0501.1	128B3
EASL0501.2	128B2
EASL0502	128B4
EASL0503	128B5
EASL0504	128B6
EASL0505	128B9
EASL0505.1	128B7
EASL0505.2	128B8
EASL0505.3	128B9
EASL0506	128BA
EASL0507	128BB
EASL0508	128BC
EASL0509	128BD
EASL0510	128BE
EASL0510.1	128C1
EASL0510.2	128BE
EASL0511	128BF
EASL0512	128C0
EASL0513	128C2
EASL0513.1	128C2
EASL0513.2	128C3
EASL0514	128C4
EASL0515	128C5
EASL0516	128C6
EASL0517	128C7
EASL0518	128C8
EASL0518.1	128CA
EASL0518.2	128C8
EASL0519	128CB
EASL0520	F2D43
EASL0521	128CC
EASL0522	128C9
EASL0523	128CD
EASL0524	128CE
EASL0525	128CF
EASL0526	128D0
EASL0527	128D1
EASL0528	128D2
EASL0529	128D3
EASL0530	128D4
EASL0530.1	128D4
EASL0530.2	128D7
EASL0531	128D5
EASL0531.1	128D5
EASL0531.2	128D6
EASL0532	128D8
EASL0533	128D9
EASL0534	128DA
EASL0535	128DD
EASL0535.1	128DB
EASL0535.2	128DD
EASL0536	128DC
EASL0537	128DE
EASL0538	128DF
EASL0539	128E0
EASL0540	128E1
EASL0541	128E2
EASL0542	128E3
EASL0543	128E4
EASL0544	128E5
EASL0545	128E6
EASL0546	128E9
EASL0546.1	128E7
EASL0546.2	128E8
EASL0546.3	128E9
EASL0547	128EA
EASL0548	F2DF1
EASL0549	128EB
EASL0550	F2D4B
EASL0551	128EC
EASL0552	128ED
EASL0553	128EE
EASL0554	128EF
EASL0555	128F0
EASL0556	128F1
EASL0557	128F2
EASL0558	F2859
EASL0559	128F3
EASL0560	128F4
EASL0561	128F5
EASL0562	128F6
EASL0563	128F7
EASL0563.1	128F8
EASL0563.2	128F7
EASL0564	128F9
EASL0565	128FA
EASL0566	F2862
EASL0567	128FB
EASL0568	128FC
EASL0569	128FD
EASL0570	128FE
EASL0571	F2867
EASL0572	128FF
EASL0573	12900
EASL0573.1	12900
EASL0573.2	12901
EASL0574	12902
EASL0575	12903
EASL0576	12904
EASL0577	12905
EASL0578	12906
EASL0579	12907
EASL0580	12909
EASL0580.1	12908
EASL0580.2	12909
EASL0581	1290A
EASL0582	1290B
EASL0582.1	1290C
EASL0582.2	1290B
EASL0583	1290D
EASL0583.1	1290D
EASL0583.2	1290E
EASL0583.3	1290F
EASL0583.4	12910
EASL0583.5	12911
EASL0583.6	12912
EASL0584	12913
EASL0585	12914
EASL0586	12915
EASL0587	12916
EASL0588	12918
EASL0589	12919
EASL0590	1291A
EASL0591	F2880
EASL0592	1291B
EASL0593	1291C
EASL0594	1291D
EASL0595	1291E
EASL0596	1291F
EASL0597	12920
EASL0598	12921
EASL0599	12922
EASL0600	12923
EASL0601	12924
EASL0602	12925
EASL0603	12926
EASL0603.1	12926
EASL0603.2	12927
EASL0604	12928
EASL0605	12929
EASL0606	1292A
EASL0607	1292B
EASL0608	1292C
EASL0609	1292D
EASL0610	1292E
EASL0611	1292F
EASL0612	12930
EASL0613	12931
EASL0614	12932
EASL0615	12933
EASL0616	12934
EASL0616.1	12935
EASL0616.2	12934
EASL0617	12936
EASL0617.1	12938
EASL0617.2	12936
EASL0618	12939
EASL0619	12937
EASL0620	1293A
EASL0621	1293B
EASL0622	F289E
EASL0623	1293C
EASL0624	1293D
EASL0625	1293E
EASL0626	1293F
EASL0627	12940
EASL0628	12941
EASL0629	12942
EASL0630	12943
EASL0631	12944
EASL0632	12945
EASL0633	12946
EASL0634	12947
EASL0635	12948
EASL0636	12949
EASL0637	1294A
EASL0638	1294C
EASL0638.1	1294B
EASL0638.2	1294C
EASL0639	1294D
EASL0640	1294E
EASL0641	1294F
EASL0642	12950
EASL0643	12951
EASL0644	12952
EASL0645	12953
EASL0646	12954
EASL0647	12955
EASL0647.1	12955
EASL0647.2	12956
EASL0647.3	12957
EASL0647.4	12958
EASL0648	12959
EASL0649	1295B
EASL0649.1	1295A
EASL0649.2	1295B
EASL0650	1295C
EASL0651	1295D
EASL0652	1295F
EASL0652.1	1295E
EASL0652.2	1295F
EASL0653	12960
EASL0654	F28C3
EASL0655	12961
EASL0656	12962
EASL0657	12963
EASL0658	12964
EASL0659	12965
EASL0660	12966
EASL0661	12967
EASL0662	12968
EASL0663	12969
EASL0664	1296A
EASL0665	1296B
EASL0666	F28CC
EASL0667	1296C
EASL0668	1296D
EASL0669	1296E
EASL0670	1296F
EASL0671	12970
EASL0672	12972
EASL0672.1	12971
EASL0672.2	12972
EASL0673	12973
EASL0674	12974
EASL0675	12975
EASL0676	12976
EASL0677	12977
EASL0678	12978
EASL0679	12979
EASL0680	1297A
EASL0681	1297B
EASL0682	1297C
EASL0683	1297D
EASL0684	1297E
EASL0685	F28DD
EASL0686	1297F
EASL0687	12980
EASL0688	12981
EASL0689	12982
EASL0690	12983
EASL0691	12984
EASL0692	12985
EASL0693	12986
EASL0694	12987
EASL0695	12988
EASL0696	12989
EASL0697	1298A
EASL0698	1298B
EASL0699	1298C
EASL0700	1298D
EASL0701	1298E
EASL0702	1298F
EASL0703	12990
EASL0704	12991
EASL0705	12992
EASL0706	12993
EASL0707	12994
EASL0708	12995
EASL0709	12996
EASL0710	12997
EASL0711	12998
EASL0712	12999
EASL0713	1299A
EASL0714	1299B
EASL0715	1299C
EASL0716	F2D83
EASL0717	1299D
EASL0718	F2D82
EASL0719	1299E
EASL0720	F2D86
EASL0721	F2D7B
EASL0722	1299F
EASL0723	129A0
EASL0724	129A1
EASL0725	129A2
EASL0726	129A3
EASL0727	129A4
EASL0728	129A5
EASL0729	F28E7
EASL0730	F28E8
EASL0731	F28E9
EASL0732	F28EA
EASL0733	F28EB
EASL0734	F28EC
EASL0735	129A6
EASL0736	129A7
EASL0737	129A8
EASL0738	129A9
EASL0739	129AA
EASL0740	129AB
EASL0741	F28F1
EASL0742	129AC
EASL0743	129B1
EASL0743.1	129AD
EASL0743.2	129B1
EASL0743.3	129B2
EASL0744	129AE
EASL0745	129AF
EASL0746	129B0
EASL0747	F28F9
EASL0748	129B3
EASL0748.1	129B3
EASL0748.2	129B4
EASL0749	129B5
EASL0750	129B6
EASL0750.1	129B9
EASL0750.2	129B6
EASL0750.3	129B8
EASL0751	129B7
EASL0752	F2900
EASL0753	129BB
EASL0753.1	129BA
EASL0753.2	129BB
EASL0754	129BC
EASL0755	129BD
EASL0755.1	129BD
EASL0755.2	129C0
EASL0756	129BE
EASL0757	129BF
EASL0758	129C1
EASL0759	F2D8E
EASL0760	F2D8B
EASL0761	129C2
EASL0762	129C3
EASL0763	129C4
EASL0764	129C5
EASL0765	129C6
EASL0766	129C7
EASL0767	129C8
EASL0768	129C9
EASL0769	129CA
EASL0770	129CB
EASL0771	129CC
EASL0772	129CD
EASL0773	129CE
EASL0774	129CF
EASL0775	129D0
EASL0776	129D1
EASL0777	129D2
EASL0778	129D3
EASL0779	129D4
EASL0780	129D5
EASL0781	129D6
EASL0782	129D7
EASL0783	129D8
EASL0783.1	129D8
EASL0783.2	129DA
EASL0784	129D9
EASL0785	129DB
EASL0786	129DC
EASL0787	129DD
EASL0788	129DE
EASL0789	129DF
EASL0790	129E0
EASL0791	129E1
EASL0792	129E2
EASL0793	129E3
EASL0794	129E4
EASL0795	129E6
EASL0795.1	129E5
EASL0795.2	129E6
EASL0796	129E7
EASL0797	129E9
EASL0797.1	129E8
EASL0797.2	129E9
EASL0798	129EA
EASL0799	129EB
EASL0800	129EC
EASL0801	129ED
EASL0801.1	129ED
EASL0801.2	129EE
EASL0802	129EF
EASL0803	129F0
EASL0804	F2DA3
EASL0805	129F1
EASL0806	129F2
EASL0807	129F3
EASL0808	129F4
EASL0809	129F5
EASL0810	129F6
EASL0811	129F7
EASL0812	129F8
EASL0813	129F9
EASL0814	129FA
EASL0815	129FB
EASL0816	129FC
EASL0817	129FD
EASL0818	129FE
EASL0819	12A03
EASL0819.1	129FF
EASL0819.2	12A02
EASL0819.3	12A03
EASL0820	12A00
EASL0820.1	12A00
EASL0820.2	12A01
EASL0821	12A04
EASL0822	12A05
EASL0823	12A06
EASL0824	F2DA7
EASL0825	12A07
EASL0826	12A08
EASL0827	12A09
EASL0828	12A0A
EASL0829	12DF1
EASL0830	12DF2
EASL0831	12DF3
EASL0832	12DF4
EASL0833	12DF5
EASL0834	12DF6
EASL0834.1	12DF7
EASL0834.2	12DF6
EASL0835	12DF8
EASL0836	12DF9
EASL0837	12DFA
EASL0838	12DFB
EASL0839	12DFC
EASL0840	12DFD
EASL0841	12DFE
EASL0842	12DFF
EASL0843	12E00
EASL0844	12E01
EASL0845	12E02
EASL0846	12E03
EASL0847	12E04
EASL0848	12E05
EASL0849	12E06
EASL0850	12E07
EASL0851	12E08
EASL0852	12E09
EASL0853	12E0A
EASL0854	12E0B
EASL0855	12E0C
EASL0856	12E0E
EASL0857	12E0D
EASL0858	12E10
EASL0859	12A0B
EASL0860	12A0C
EASL0861	12A0D
EASL0862	12A0E
EASL0863	12A10
EASL0863.1	12A0F
EASL0863.2	12A10
EASL0864	12A11
EASL0865	12A12
EASL0866	12A13
EASL0866.1	12A13
EASL0866.2	12A14
EASL0866.3	12A15
EASL0867	12A16
EASL0868	12A17
EASL0869	12A18
EASL0870	12A1C
EASL0870.1	12A19
EASL0870.2	12A1A
EASL0870.3	12A1B
EASL0870.4	12A1C
EASL0871	12A1D
EASL0871.1	12A1D
EASL0871.2	12A1E
EASL0872	12A1F
EASL0873	12A20
EASL0874	12A21
EASL0875	12A22
EASL0876	12A23
EASL0877	12A24
EASL0878	12A25
EASL0879	12A26
EASL0880	12A28
EASL0880.1	12A27
EASL0880.2	12A28
EASL0881	12A29
EASL0881.1	12A29
EASL0881.2	12A2A
EASL0882	12A2B
EASL0883	12A2C
EASL0884	12A2D
EASL0885	12A2E
EASL0886	12A2F
EASL0886.1	12A2F
EASL0886.2	12A30
EASL0886.3	12A31
EASL0887	12A32
EASL0888	12A33
EASL0889	12A34
EASL0890	12A35
EASL0891	12A36
EASL0892	12A39
EASL0892.1	12A37
EASL0892.2	12A39
EASL0893	12A38
EASL0894	12A3A
EASL0895	12A3B
EASL0896	12A3C
EASL0897	12A3D
EASL0898	12A3E
EASL0899	12A3F
EASL0900	12A40
EASL0901	12A41
EASL0902	12A42
EASL0903	12A43
EASL0904	12A44
EASL0905	12A45
EASL0906	12A46
EASL0907	12A48
EASL0907.1	12A47
EASL0907.2	12A48
EASL0908	12A49
EASL0909	12A4A
EASL0909.1	12A67
EASL0909.2	12A4A
EASL0910	12A4B
EASL0911	12A4C
EASL0912	12A4D
EASL0913	12A4E
EASL0914	12A4F
EASL0915	12A50
EASL0916	12A51
EASL0917	12A52
EASL0918	12A53
EASL0919	F2DBD
EASL0920	12A54
EASL0921	F2DC1
EASL0922	12A55
EASL0923	12A56
EASL0924	12A57
EASL0925	12A58
EASL0926	12A5B
EASL0927	12A5C
EASL0928	F2DCA
EASL0929	F2DCB
EASL0930	12A5D
EASL0931	12A5E
EASL0932	12A5F
EASL0933	12A61
EASL0934	F2DD1
EASL0935	12A62
EASL0936	12A63
EASL0937	12A64
EASL0938	F2DB1
EASL0939	12A65
EASL0940	12A66
EASL0941	12A68
EASL0942	12A69
EASL0943	12A6A
EASL0944	12A6B
EASL0945	12A6C
EASL0946	12A6D
EASL0947	12A6E
EASL0948	12A6F
EASL0949	12A70
EASL0950	12A71
EASL0951	12A72
EASL0952	12A73
EASL0953	12A74
EASL0954	12A75
EASL0955	12A76
EASL0956	12A77
EASL0957	12A78
EASL0958	12A79
EASL0959	12A7A
EASL0960	12A7B
EASL0961	12A7D
EASL0961.1	12A7C
EASL0961.2	12A7D
EASL0961.3	12A7E
EASL0961.4	12A7F
EASL0962	12A80
EASL0963	12A81
EASL0964	12A82
EASL0965	12A83
EASL0966	12A84
EASL0967	12A85
EASL0968	12A86
EASL0969	12A87
EASL0969.1	12A87
EASL0969.2	12A88
EASL0969.3	12A89
EASL0969.4	12A8A
EASL0970	12A8C
EASL0970.1	12A8B
EASL0970.2	12A8C
EASL0970.3	12A8D
EASL0971	12A8E
EASL0972	F2991
EASL0973	12A8F
EASL0974	12A90
EASL0975	12A91
EASL0976	12A92
EASL0977	12A93
EASL0977.1	12A93
EASL0977.2	12A94
EASL0978	12A95
EASL0979	12A96
EASL0980	12A97
EASL0981	12A98
EASL0982	12A99
EASL0983	12A9A
EASL0984	12A9B
EASL0985	12A9C
EASL0986	12A9D
EASL0987	12A9E
EASL0988	12A9F
EASL0989	12AA0
EASL0990	F29A3
EASL0991	F29A4
EASL0992	12AA1
EASL0993	12AA2
EASL0994	12AA5
EASL0994.1	12AA3
EASL0994.2	12AA5
EASL0995	12AA4
EASL0996	12AA6
EASL0997	12AA7
EASL0997.1	12AA7
EASL0997.2	12AA8
EASL0998	12AAE
EASL0998.1	12AA9
EASL0998.2	12AAE
EASL0998.3	12AB2
EASL0999	12AAA
EASL1000	F2DE3
EASL1001	12AAF
EASL1002	F2DE1
EASL1003	12AB0
EASL1004	12AB1
EASL1005	12AAB
EASL1006	12AAC
EASL1007	12AAD
EASL1008	12AB4
EASL1009	12AB5
EASL1010	12AB6
EASL1011	12AB7
EASL1012	12AB8
EASL1013	12AB9
EASL1014	12ABC
EASL1014.1	12ABA
EASL1014.2	12ABB
EASL1014.3	12ABC
EASL1015	12ABE
EASL1015.1	12ABD
EASL1015.2	12ABE
EASL1016	12ABF
EASL1017	12AC0
EASL1018	12AC1
EASL1019	12AC2
EASL1020	12AC3
EASL1021	12AC7
EASL1021.1	12AC4
EASL1021.2	12AC7
EASL1022	12AC5
EASL1023	12AC6
EASL1024	12AC8
EASL1025	12AC9
EASL1026	12ACA
EASL1027	12ACB
EASL1027.1	12ACB
EASL1027.2	12ACC
EASL1028	12ACD
EASL1028.1	12ACD
EASL1028.2	12ACE
EASL1029	12ACF
EASL1030	12AD1
EASL1031	12AD2
EASL1032	12AD3
EASL1032.1	12AD3
EASL1032.2	12AD4
EASL1032.3	12AD5
EASL1033	12AD6
EASL1034	12AD7
EASL1035	12AD8
EASL1036	12AD9
EASL1037	12ADA
EASL1038	12ADB
EASL1039	12ADC
EASL1040	12ADD
EASL1040.1	12ADD
EASL1040.2	12ADE
EASL1041	12ADF
EASL1042	12AE0
EASL1043	12AE1
EASL1044	12AE2
EASL1045	12AE3
EASL1045.1	12AE3
EASL1045.2	12AE4
EASL1046	F2A30
EASL1047	12AE5
EASL1048	12AE6
EASL1049	12AE7
EASL1050	12AE8
EASL1050.1	12B09
EASL1050.2	12AE8
EASL1051	F2E11
EASL1052	12AE9
EASL1053	12AEA
EASL1054	12AEB
EASL1055	12AEC
EASL1056	12AED
EASL1057	12AEE
EASL1058	12AEF
EASL1059	12AF0
EASL1060	12AF1
EASL1061	12AF2
EASL1062	12AF3
EASL1063	12AF4
EASL1064	12AF5
EASL1065	12AF6
EASL1066	12AF7
EASL1067	12AF8
EASL1068	12AF9
EASL1069	12AFA
EASL1070	12AFB
EASL1071	12AFC
EASL1072	12AFD
EASL1073	12AFE
EASL1074	12AFF
EASL1075	12B00
EASL1076	12B01
EASL1077	12B02
EASL1078	12B03
EASL1079	12B04
EASL1080	12B05
EASL1081	12B06
EASL1082	12B07
EASL1083	12B08
EASL1084	12B0A
EASL1085	F2E30
EASL1086	12B0B
EASL1087	12B0C
EASL1088	12B0D
EASL1089	12B0E
EASL1090	12B0F
EASL1091	12B10
EASL1092	12B11
EASL1093	12B12
EASL1094	12B13
EASL1095	12B14
EASL1096	12B15
EASL1097	12B16
EASL1098	12B17
EASL1099	12B18
EASL1099.1	12B18
EASL1099.2	12B19
EASL1100	12B1A
EASL1101	12B1D
EASL1101.1	12B1B
EASL1101.2	12B1D
EASL1102	12B1C
EASL1103	12B1E
EASL1104	12B1F
EASL1105	12B20
EASL1106	12B21
EASL1107	12B22
EASL1108	12B23
EASL1109	12B24
EASL1110	12B25
EASL1111	12B26
EASL1112	12B27
EASL1113	12B28
EASL1114	12B29
EASL1115	F2E3B
EASL1116	12B2A
EASL1117	12B2B
EASL1118	12B2C
EASL1118.1	12B2C
EASL1118.2	12B2D
EASL1119	12B2E
EASL1120	12B2F
EASL1121	12B32
EASL1121.1	12B30
EASL1121.2	12B32
EASL1122	12B31
EASL1123	12B33
EASL1124	12B34
EASL1125	12B35
EASL1126	12B36
EASL1127	12B37
EASL1127.1	12B3B
EASL1127.2	12B3C
EASL1127.3	12B37
EASL1128	12B38
EASL1129	12B39
EASL1130	12B3A
EASL1131	12B3D
EASL1132	12B3E
EASL1133	12B3F
EASL1134	12B40
EASL1135	12B41
EASL1136	12B43
EASL1136.1	12B42
EASL1136.2	12B43
EASL1137	12B45
EASL1137.1	12B44
EASL1137.2	12B45
EASL1138	12B47
EASL1138.1	12B46
EASL1138.2	12B47
EASL1139	12B48
EASL1140	12B49
EASL1141	12B4A
EASL1142	12B4B
EASL1143	12B4C
EASL1144	12B4D
EASL1145	12B4E
EASL1146	12B4F
EASL1147	12B50
EASL1148	12B51
EASL1149	12B53
EASL1150	12B54
EASL1150.1	12B54
EASL1150.2	12B55
EASL1151	12B56
EASL1152	12B57
EASL1153	12B58
EASL1154	12B59
EASL1155	12B5C
EASL1155.1	12B5A
EASL1155.2	12B5C
EASL1156	12B5E
EASL1157	12B5F
EASL1158	12B61
EASL1158.1	12B60
EASL1158.2	12B61
EASL1159	12B62
EASL1159.1	12B62
EASL1159.2	12B63
EASL1160	12B64
EASL1161	12B65
EASL1162	12B66
EASL1162.1	12B66
EASL1162.2	12B68
EASL1162.3	12B69
EASL1163	12B67
EASL1164	12B6A
EASL1165	12B6B
EASL1166	12B6C
EASL1167	12B6D
EASL1167.1	12B6D
EASL1167.2	12B6E
EASL1168	12B6F
EASL1169	12B70
EASL1170	12B71
EASL1171	12B73
EASL1171.1	12B72
EASL1171.2	12B73
EASL1171.3	12B74
EASL1172	12B75
EASL1173	12B77
EASL1173.1	12B76
EASL1173.2	12B77
EASL1174	12B7A
EASL1174.1	12B78
EASL1174.2	12B79
EASL1174.3	12B7A
EASL1175	12B7B
EASL1176	12B7C
EASL1177	12B7D
EASL1178	12B7E
EASL1179	12B7F
EASL1180	12B80
EASL1181	12B81
EASL1182	12B82
EASL1183	12B83
EASL1184	12B84
EASL1185	12B85
EASL1186	12B86
EASL1187	12B87
EASL1188	12B88
EASL1189	12B89
EASL1190	12B8B
EASL1191	12B8C
EASL1192	F2A00
EASL1193	12B8D
EASL1194	12B8E
EASL1195	12B8F
EASL1196	12B90
EASL1197	F2A06
EASL1198	12B91
EASL1199	12B94
EASL1199.1	12B93
EASL1199.2	12B94
EASL1200	12B95
EASL1201	12B96
EASL1202	12B97
EASL1203	12B99
EASL1204	12B9A
EASL1205	12B9B
EASL1206	12B9C
EASL1207	F2DFC
EASL1208	12B9D
EASL1209	12B9E
EASL1210	12B9F
EASL1211	12BA0
EASL1212	12BA1
EASL1213	12BA3
EASL1213.1	12BA2
EASL1213.2	12BA3
EASL1214	12BA5
EASL1214.1	12BA4
EASL1214.2	12BA5
EASL1215	F2A12
EASL1216	12BA6
EASL1217	12BA7
EASL1218	12BA8
EASL1219	12BA9
EASL1220	12BAA
EASL1221	12BAB
EASL1222	F2A59
EASL1223	12BAC
EASL1224	12BAD
EASL1225	12BAE
EASL1226	12BAF
EASL1227	12BB0
EASL1228	12BB1
EASL1229	12BB2
EASL1230	12BB3
EASL1231	12BB4
EASL1231.1	12BB6
EASL1231.2	12BB4
EASL1232	12BB5
EASL1233	12BB7
EASL1234	12BB8
EASL1235	F2A67
EASL1236	12BB9
EASL1237	12BBA
EASL1237.1	12BBA
EASL1237.2	12BBE
EASL1238	12BBB
EASL1239	12BBC
EASL1240	12BBD
EASL1241	12BBF
EASL1242	12BC0
EASL1243	12BC1
EASL1244	12BC2
EASL1245	12BC3
EASL1246	12BC4
EASL1247	12BC5
EASL1248	12BC7
EASL1248.1	12BC6
EASL1248.2	12BC7
EASL1249	12BC8
EASL1250	12BC9
EASL1251	12BCA
EASL1252	12BCB
EASL1253	12BCC
EASL1254	12BCD
EASL1255	12BCE
EASL1256	12BCF
EASL1257	12BD0
EASL1258	12BD1
EASL1259	12BD2
EASL1260	12BD7
EASL1260.1	12BD3
EASL1260.2	12BD5
EASL1260.3	12BD6
EASL1260.4	12BD7
EASL1261	F2E3F
EASL1262	12BD4
EASL1263	12BD8
EASL1264	12BD9
EASL1265	12BDA
EASL1266	F2E40
EASL1267	12BDB
EASL1268	12BDC
EASL1269	12BDE
EASL1269.1	12BDD
EASL1269.2	12BDE
EASL1269.3	12BDF
EASL1270	12BE0
EASL1271	12BE1
EASL1272	12BE2
EASL1273	12BE3
EASL1274	12BE4
EASL1275	12BE5
EASL1276	12BE6
EASL1277	12BE7
EASL1278	12BE8
EASL1279	12BE9
EASL1280	12BEA
EASL1281	12BEB
EASL1282	12BEC
EASL1283	12BED
EASL1284	12BEE
EASL1285	12BEF
EASL1286	12BF0
EASL1287	12BF1
EASL1288	12BF2
EASL1289	12BF3
EASL1290	12BF4
EASL1291	12BF5
EASL1292	12BF6
EASL1293	12BF7
EASL1294	12BF8
EASL1295	12BF9
EASL1296	12BFA
EASL1297	12BFB
EASL1298	12BFC
EASL1299	12BFD
EASL1300	12BFE
EASL1301	12BFF
EASL1302	12C00
EASL1303	12C01
EASL1304	12C02
EASL1305	F2E43
EASL1306	12C03
EASL1307	12C04
EASL1308	12C05
EASL1309	12C06
EASL1310	12C07
EASL1311	12C08
EASL1312	12C09
EASL1313	12C0A
EASL1314	12C0B
EASL1315	12C0C
EASL1316	12C0D
EASL1317	12C0E
EASL1318	12C0F
EASL1319	12C10
EASL1320	12C11
EASL1321	12C12
EASL1322	12C13
EASL1323	12C14
EASL1324	12C15
EASL1325	12C18
EASL1325.1	12C16
EASL1325.2	12C18
EASL1325.3	12C19
EASL1325.4	12C1A
EASL1326	12C17
EASL1327	12C1B
EASL1328	12C1C
EASL1329	12C1D
EASL1329.1	12C1D
EASL1329.2	12C1E
EASL1330	12C21
EASL1330.1	12C1F
EASL1330.2	12C21
EASL1330.3	12C22
EASL1331	12C20
EASL1332	12C23
EASL1333	12C24
EASL1334	12C25
EASL1335	12C26
EASL1336	12C27
EASL1337	12C28
EASL1338	12C29
EASL1339	12C2A
EASL1340	12C2B
EASL1341	12C2C
EASL1342	12C2D
EASL1343	12C2E
EASL1344	12C2F
EASL1345	12C30
EASL1346	12C31
EASL1346.1	12C32
EASL1346.2	12C31
EASL1347	12C33
EASL1347.1	12C3C
EASL1347.2	12C33
EASL1348	12C34
EASL1349	12C35
EASL1350	F2E7D
EASL1351	12C36
EASL1352	12C37
EASL1353	12C38
EASL1354	12C39
EASL1355	12C3A
EASL1356	12C3B
EASL1357	12C3D
EASL1358	12C3E
EASL1359	12C3F
EASL1360	12C40
EASL1361	12C41
EASL1362	12C42
EASL1362.1	12C43
EASL1362.2	12C42
EASL1363	12C44
EASL1363.1	12C46
EASL1363.2	12C44
EASL1364	12C47
EASL1365	12C45
EASL1366	12C48
EASL1367	12C49
EASL1368	12C4A
EASL1369	12C4B
EASL1370	12C4C
EASL1371	12C4D
EASL1372	12C4E
EASL1373	12C4F
EASL1374	12C50
EASL1375	12C51
EASL1376	12C52
EASL1376.1	12C52
EASL1376.2	12C53
EASL1377	12C54
EASL1378	12C55
EASL1379	12C56
EASL1380	12C57
EASL1381	12C58
EASL1382	12C59
EASL1383	12C5A
EASL1384	12C5B
EASL1385	12C5C
EASL1386	12C5D
EASL1387	12C5E
EASL1388	F2ACB
EASL1389	12C5F
EASL1389.1	12C5F
EASL1389.2	12C60
EASL1390	F2E86
EASL1391	12C61
EASL1392	12C62
EASL1393	12C63
EASL1394	F2E89
EASL1395	12C64
EASL1396	12C65
EASL1397	12C66
EASL1398	12C67
EASL1399	12C68
EASL1400	12C69
EASL1401	12C6A
EASL1402	12C6B
EASL1403	12C6C
EASL1404	12C6D
EASL1405	12C6E
EASL1406	12C6F
EASL1407	12C70
EASL1408	12C71
EASL1409	12C72
EASL1410	12C75
EASL1410.1	12C73
EASL1410.2	12C74
EASL1410.3	12C75
EASL1411	12C76
EASL1412	12C77
EASL1413	12C78
EASL1414	12C79
EASL1415	12C7A
EASL1416	12C7B
EASL1417	12C7C
EASL1418	12C7D
EASL1419	12C7E
EASL1419.1	12C7E
EASL1419.2	12C81
EASL1420	12C7F
EASL1420.1	12C82
EASL1420.2	12C7F
EASL1421	F2E95
EASL1422	12C80
EASL1423	12C83
EASL1424	F2AE3
EASL1425	12C84
EASL1426	12C85
EASL1427	12C86
EASL1428	12C87
EASL1429	12C89
EASL1429.1	12C88
EASL1429.2	12C89
EASL1430	12C8A
EASL1431	12C8B
EASL1432	12C8C
EASL1433	12C8D
EASL1434	12C8E
EASL1435	12C8F
EASL1436	12C90
EASL1437	12C91
EASL1438	12C92
EASL1439	F2AF2
EASL1440	12C94
EASL1440.1	12C93
EASL1440.2	12C94
EASL1441	12C95
EASL1442	12C96
EASL1443	12C97
EASL1444	12C98
EASL1445	12C99
EASL1446	12C9A
EASL1447	12C9B
EASL1448	12C9C
EASL1449	12C9D
EASL1450	12C9E
EASL1451	12C9F
EASL1452	12CA0
EASL1453	12CA1
EASL1453.1	12CA3
EASL1453.2	12CA2
EASL1453.3	12CA1
EASL1454	12CA4
EASL1455	12CA5
EASL1456	12CA6
EASL1457	12CA7
EASL1457.1	12CA7
EASL1457.2	12CA8
EASL1458	12CA9
EASL1459	12CAA
EASL1460	12CAB
EASL1461	12CAC
EASL1462	12CAD
EASL1462.1	12CAD
EASL1462.2	12CAE
EASL1463	12CAF
EASL1464	12CB1
EASL1464.1	12CB0
EASL1464.2	12CB1
EASL1465	12CB2
EASL1466	12CB3
EASL1467	12CB4
EASL1467.1	12CB4
EASL1467.2	12CB5
EASL1468	12CB6
EASL1469	12CB7
EASL1470	12CB8
EASL1471	12CB9
EASL1472	12CBA
EASL1473	12CBB
EASL1474	12CBD
EASL1474.1	12CBC
EASL1474.2	12CBD
EASL1475	12CBE
EASL1476	12CBF
EASL1477	12CC0
EASL1478	12CC1
EASL1479	12CC2
EASL1480	12CC3
EASL1481	12CC4
EASL1482	12CC5
EASL1483	12CC6
EASL1484	12CC7
EASL1485	12CC8
EASL1485.1	12CC8
EASL1485.2	12CC9
EASL1486	12CCA
EASL1487	12CCB
EASL1487.1	12CCB
EASL1487.2	12CCC
EASL1488	12CCD
EASL1489	12CCE
EASL1489.1	12CD8
EASL1489.2	12CD7
EASL1489.3	12CCE
EASL1490	12CCF
EASL1491	12CD0
EASL1492	12CD1
EASL1493	12CD2
EASL1494	12CD3
EASL1495	12CD4
EASL1496	12CD5
EASL1497	12CD9
EASL1498	12CD6
EASL1499	12CDA
EASL1500	12CDB
EASL1501	12CDC
EASL1502	12CDD
EASL1503	12CDE
EASL1503.1	12CE4
EASL1503.2	12CE0
EASL1503.3	12CDE
EASL1503.4	12CE2
EASL1504	12CE1
EASL1504.1	12CE1
EASL1504.2	12CDF
EASL1504.3	12CE3
EASL1505	12CE5
EASL1506	12CE6
EASL1507	12CE7
EASL1508	12CE8
EASL1509	12CE9
EASL1510	12CEA
EASL1511	12CEB
EASL1512	12CEC
EASL1513	12CED
EASL1514	12CEE
EASL1515	12CF0
EASL1515.1	12CEF
EASL1515.2	12CF0
EASL1516	12CF1
EASL1517	12CF2
EASL1518	12CF3
EASL1519	12CF4
EASL1520	12CF5
EASL1521	12CF6
EASL1522	12CF7
EASL1523	12CF8
EASL1524	12CF9
EASL1525	12CFA
EASL1526	12CFC
EASL1526.1	12CFB
EASL1526.2	12CFC
EASL1527	12CFD
EASL1528	12CFE
EASL1529	12CFF
EASL1530	12D00
EASL1531	12D01
EASL1532	12D02
EASL1533	12D03
EASL1534	12D04
EASL1535	12D05
EASL1536	12D06
EASL1537	12D07
EASL1538	12D08
EASL1539	12D09
EASL1540	12D0A
EASL1541	12D0B
EASL1542	12D0C
EASL1543	12D0D
EASL1544	12D0E
EASL1545	12D0F
EASL1546	12D10
EASL1546.1	12D10
EASL1546.2	12D12
EASL1546.3	12D13
EASL1547	12D11
EASL1548	12D14
EASL1549	12D15
EASL1550	12D16
EASL1550.1	12D16
EASL1550.2	12D17
EASL1551	12D18
EASL1552	12D19
EASL1553	12D1A
EASL1554	12D1B
EASL1555	12D1F
EASL1555.1	12D1C
EASL1555.2	12D1D
EASL1555.3	12D1E
EASL1555.4	12D1F
EASL1556	12D20
EASL1557	12D21
EASL1558	12D22
EASL1559	12D23
EASL1560	12D24
EASL1561	12D25
EASL1562	12D26
EASL1563	12D27
EASL1564	12D28
EASL1565	12D29
EASL1566	12D2A
EASL1567	12D2B
EASL1568	12D2C
EASL1569	12D2D
EASL1570	12D2E
EASL1571	12D2F
EASL1571.1	12D2F
EASL1571.2	12D30
EASL1572	12D31
EASL1572.1	12D32
EASL1572.2	12D31
EASL1573	12D33
EASL1574	12D34
EASL1575	12D35
EASL1576	12D36
EASL1577	12D37
EASL1578	12D38
EASL1579	12D39
EASL1580	12D3A
EASL1581	12D3B
EASL1582	12D3C
EASL1583	12D3D
EASL1584	12D3E
EASL1585	12D3F
EASL1586	12D40
EASL1587	12D41
EASL1588	12D43
EASL1588.1	12D42
EASL1588.2	12D43
EASL1589	12D44
EASL1590	12D45
EASL1591	12D46
EASL1592	12D47
EASL1593	12D48
EASL1594	12D49
EASL1594.1	12D49
EASL1594.2	12D4A
EASL1595	12D4B
EASL1596	12D4C
EASL1597	12D4D
EASL1598	12D4E
EASL1599	12D4F
EASL1600	12D50
EASL1600.1	12D52
EASL1600.2	12D50
EASL1600.3	12D51
EASL1601	12D53
EASL1602	12D54
EASL1603	12D55
EASL1604	12D56
EASL1604.1	12D56
EASL1604.2	12D64
EASL1604.3	12D67
EASL1605	12D57
EASL1606	12D58
EASL1607	12D59
EASL1608	12D68
EASL1608.1	12D5A
EASL1608.2	12D68
EASL1609	12D5B
EASL1610	12D5C
EASL1611	12D5D
EASL1611.1	12D5D
EASL1611.2	12D66
EASL1612	12D5E
EASL1613	12D5F
EASL1614	12D60
EASL1615	12D61
EASL1616	12D62
EASL1617	F2EBA
EASL1618	12D63
EASL1619	12D65
EASL1620	12D69
EASL1621	12D6A
EASL1622	12D6B
EASL1623	12D6C
EASL1623.1	12D6C
EASL1623.2	12D6D
EASL1623.3	12D6E
EASL1624	12D6F
EASL1625	12D70
EASL1626	12D73
EASL1626.1	12D71
EASL1626.2	12D72
EASL1626.3	12D73
EASL1626.4	12D74
EASL1627	12D75
EASL1628	12D76
EASL1629	12D78
EASL1629.1	12D77
EASL1629.2	12D78
EASL1630	12D79
EASL1631	12D7A
EASL1632	12D7B
EASL1633	12D7C
EASL1634	12D7E
EASL1634.1	12D7D
EASL1634.2	12D7E
EASL1635	12D80
EASL1635.1	12D7F
EASL1635.2	12D80
EASL1636	12D81
EASL1637	12D82
EASL1637.1	12D88
EASL1637.2	12D82
EASL1638	12D83
EASL1639	12D84
EASL1640	12D85
EASL1641	12D86
EASL1642	12D87
EASL1643	12D89
EASL1644	12D8A
EASL1644.1	12D8D
EASL1644.2	12D8C
EASL1644.3	12D8A
EASL1645	12D8B
EASL1646	12D8E
EASL1647	12D8F
EASL1648	12D90
EASL1649	12D91
EASL1650	12D92
EASL1651	12D93
EASL1652	12D94
EASL1653	12D95
EASL1654	12D96
EASL1655	12D97
EASL1656	12D98
EASL1656.1	12D98
EASL1656.2	12D99
EASL1657	12D9A
EASL1658	12D9B
EASL1659	12D9C
EASL1660	12D9E
EASL1660.1	12D9E
EASL1660.2	12D9D
EASL1661	12D9F
EASL1661.1	12D9F
EASL1661.2	12DA0
EASL1661.3	12DA1
EASL1662	12DA2
EASL1663	12DA3
EASL1664	12DA4
EASL1665	12DA5
EASL1666	12DA6
EASL1667	12DA7
EASL1668	12DA8
EASL1669	12DA9
EASL1670	12DAA
EASL1671	12DAB
EASL1672	12DAC
EASL1673	12DAD
EASL1674	12DAE
EASL1675	12DAF
EASL1676	12DB0
EASL1677	12DB1
EASL1678	12DB2
EASL1679	12DB3
EASL1680	12DB4
EASL1681	12DB5
EASL1682	12DB6
EASL1683	12DB7
EASL1684	12DB8
EASL1685	12DB9
EASL1686	12DBA
EASL1687	12DBB
EASL1688	12DBC
EASL1689	12DBD
EASL1690	12DBE
EASL1691	12DBF
EASL1692	12DC0
EASL1693	12DC1
EASL1694	12DC2
EASL1695	12DC3
EASL1696	12DC4
EASL1697	12DC5
EASL1698	12DC6
EASL1699	12DC7
EASL1700	12DC8
EASL1701	12DC9
EASL1702	12DCA
EASL1703	12DCB
EASL1704	12DCC
EASL1705	12DCD
EASL1706	12DCE
EASL1707	12DCF
EASL1708	12DD0
EASL1709	12DD1
EASL1710	12DD2
EASL1711	12DD3
EASL1712	12DD4
EASL1713	12DD5
EASL1714	12DD6
EASL1715	12DD7
EASL1716	12DD8
EASL1717	12DD9
EASL1717.1	12DD9
EASL1717.2	12DDA
EASL1718	12DDB
EASL1719	12DDC
EASL1720	12DDD
EASL1721	12DDE
EASL1722	12DDF
EASL1723	12DE0
EASL1724	12DE1
EASL1725	12DE2
EASL1726	12DE3
EASL1727	12DE4
EASL1728	12DE5
EASL1729	12DE6
EASL1730	12DE7
EASL1731	12DE8
EASL1732	12DE9
EASL1733	12DEA
EASL1734	12DEC
EASL1734.1	12DEB
EASL1734.2	12DEC
EASL1735	12DED
EASL1736	12DEE
EASL1737	F2EC6
EASL1738	12DEF
EASL1739	12DF0
EASL1740	F00F0
EASL1741	F00F2
EASL1742	F00F3
EASL1743	F2580
EASL1744	F005F
EASL1745	F0060
EASL1746	F2641
EASL1747	F0061
EASL1748	F0062
EASL1749	F0063
EASL1750	F0064
EASL1751	F26CC
EASL1752	F00DA
EASL1753	F2581
EASL1754	F0066
EASL1755	F0067
EASL1756	F2642
EASL1757	F0068
EASL1758	F0069
EASL1759	F006A
EASL1760	F006B
EASL1761	F006C
EASL1762	F2582
EASL1763	F2583
EASL1764	F006D
EASL1765	F006E
EASL1766	F2643
EASL1767	F006F
EASL1768	F0070
EASL1769	F0071
EASL1770	F0072
EASL1771	F0073
EASL1772	F2584
EASL1773	F0074
EASL1774	F0075
EASL1775	F2644
EASL1776	F0076
EASL1777	F2585
EASL1778	F0077
EASL1779	F0078
EASL1780	F2645
EASL1781	F0079
EASL1782	F2586
EASL1783	F007A
EASL1784	F2619
EASL1785	F2646
EASL1786	F007B
EASL1787	F2587
EASL1788	F007C
EASL1789	F007D
EASL1790	F2647
EASL1791	F007E
EASL1792	F2588
EASL1793	F2589
EASL1794	F25E6
EASL1795	F261B
EASL1796	F258A
EASL1797	F25E7
EASL1798	F261C
EASL1799	F258B
EASL1800	F25E8
EASL1801	F261D
EASL1802	F007F
EASL1803	F2673
EASL1804	F2690
EASL1805	F26A8
EASL1806	F26BC
EASL1807	F26CF
EASL1808	F00F5
EASL1809	F00F6
EASL1810	F00F7
EASL1811	F00F8
EASL1812	F00F9
EASL1813	F258D
EASL1814	F012C
EASL1815	F258E
EASL1816	F258F
EASL1817	F2590
EASL1818	F2591
EASL1819	F25EA
EASL1820	F261F
EASL1821	F264B
EASL1822	F2675
EASL1823	F2692
EASL1824	F0082
EASL1825	F0083
EASL1826	F0084
EASL1827	F00DB
EASL1828	F00DD
EASL1829	F2592
EASL1830	F25EB
EASL1831	F2620
EASL1832	F264C
EASL1833	F0085
EASL1834	F0086
EASL1835	F0087
EASL1836	F0088
EASL1837	F0089
EASL1838	F00DF
EASL1839	F2593
EASL1840	F25EC
EASL1841	F2621
EASL1842	F264D
EASL1843	F008A
EASL1844	F00FB
EASL1845	F00FC
EASL1846	F2596
EASL1847	F25ED
EASL1848	F2622
EASL1849	F264E
EASL1850	F008B
EASL1851	F008C
EASL1852	F008D
EASL1853	F008E
EASL1854	F26D3
EASL1855	F2597
EASL1856	F25EE
EASL1857	F2623
EASL1858	F264F
EASL1859	F0090
EASL1860	F0091
EASL1861	F0092
EASL1862	F0093
EASL1863	F0095
EASL1864	F2598
EASL1865	F25EF
EASL1866	F2624
EASL1867	F2650
EASL1868	F0096
EASL1869	F0097
EASL1870	F0098
EASL1871	F0099
EASL1872	F009A
EASL1873	F2599
EASL1874	F25F0
EASL1875	F2625
EASL1876	F2651
EASL1877	F009B
EASL1878	F009C
EASL1879	F009D
EASL1880	F009E
EASL1881	F009F
EASL1882	F25F1
EASL1883	F2626
EASL1884	F2652
EASL1885	F00A0
EASL1886	F00E0
EASL1887	F259A
EASL1888	F25F2
EASL1889	F259B
EASL1890	F25F3
EASL1891	F00FE
EASL1892	F00FF
EASL1893	F0100
EASL1894	F0101
EASL1895	F0102
EASL1896	F259D
EASL1897	F0103
EASL1898	F0104
EASL1899	F0105
EASL1900	F259E
EASL1901	F259F
EASL1902	F0106
EASL1903	F25A1
EASL1904	F00A1
EASL1905	F25A4
EASL1906	F00A2
EASL1907	F25A7
EASL1908	F25A8
EASL1909	F25A9
EASL1910	F25AB
EASL1911	F0107
EASL1912	F25AC
EASL1913	F25AD
EASL1914	F010A
EASL1915	F25AE
EASL1916	F25B0
EASL1917	F25B1
EASL1918	F25B2
EASL1919	F25B3
EASL1920	F25B4
EASL1921	F010C
EASL1922	F25B6
EASL1923	F25B7
EASL1924	F25B8
EASL1925	F25B9
EASL1926	F25BA
EASL1927	F012D
EASL1928	F00A5
EASL1929	F00A6
EASL1930	F2654
EASL1931	F00A7
EASL1932	F00A8
EASL1933	F00A9
EASL1934	F00AA
EASL1935	F00AB
EASL1936	F25BB
EASL1937	F25F9
EASL1938	F2629
EASL1939	F2655
EASL1940	F00AC
EASL1941	F00AD
EASL1942	F00AE
EASL1943	F00AF
EASL1944	F00B0
EASL1945	F25BC
EASL1946	F25BD
EASL1947	F00B1
EASL1948	F00B2
EASL1949	F25BE
EASL1950	F00B3
EASL1951	F00B4
EASL1952	F2656
EASL1953	F00B5
EASL1954	F00B6
EASL1955	F00B7
EASL1956	F00B8
EASL1957	F00B9
EASL1958	F25BF
EASL1959	F25C0
EASL1960	F00BA
EASL1961	F25C1
EASL1962	F25C2
EASL1963	F25FD
EASL1964	F262B
EASL1965	F2657
EASL1966	F25C3
EASL1967	F25FE
EASL1968	F262C
EASL1969	F2658
EASL1970	F25C4
EASL1971	F25FF
EASL1972	F262D
EASL1973	F2659
EASL1974	F25C5
EASL1975	F2600
EASL1976	F262E
EASL1977	F265A
EASL1978	F25C6
EASL1979	F2601
EASL1980	F262F
EASL1981	F265B
EASL1982	F25C7
EASL1983	F2602
EASL1984	F2630
EASL1985	F265C
EASL1986	F010D
EASL1987	F010E
EASL1988	F00E1
EASL1989	F25CA
EASL1990	F00BB
EASL1991	F2631
EASL1992	F265E
EASL1993	F00BC
EASL1994	F00BD
EASL1995	F00BE
EASL1996	F00BF
EASL1997	F25CB
EASL1998	F25CC
EASL1999	F2604
EASL2000	F00E2
EASL2001	F00E3
EASL2002	F00E4
EASL2003	F00E5
EASL2004	F00E6
EASL2005	F00E7
EASL2006	F00E8
EASL2007	F25CD
EASL2008	F00C0
EASL2009	F00E9
EASL2010	F25CE
EASL2011	F2606
EASL2012	F25CF
EASL2013	F00C1
EASL2014	F00EA
EASL2015	F25D0
EASL2016	F00C2
EASL2017	F00C3
EASL2018	F2660
EASL2019	F00C4
EASL2020	F00EB
EASL2021	F00EC
EASL2022	F010F
EASL2023	F25D2
EASL2024	F00C5
EASL2025	F00C6
EASL2026	F2661
EASL2027	F00ED
EASL2028	F25D3
EASL2029	F00C7
EASL2030	F2637
EASL2031	F2662
EASL2032	F00C8
EASL2033	F25D4
EASL2034	F00C9
EASL2035	F2638
EASL2036	F2663
EASL2037	F00CA
EASL2038	F00CB
EASL2039	F00CC
EASL2040	F00CD
EASL2041	F25D5
EASL2042	F00CE
EASL2043	F2639
EASL2044	F2664
EASL2045	F00CF
EASL2046	F00D0
EASL2047	F00D1
EASL2048	F00D2
EASL2049	F00D3
EASL2050	F25D6
EASL2051	F00D4
EASL2052	F263A
EASL2053	F2665
EASL2054	F00D5
EASL2055	F00EE
EASL2056	F25D7
EASL2057	F00D6
EASL2058	F263C
EASL2059	F2666
EASL2060	F00D7
EASL2061	F00EF
EASL2062	F25D9
EASL2063	F00D8
EASL2064	F0110
EASL2065	F2C26
EASL2066	F0111
EASL2067	F0112
EASL2068	F0113
EASL2069	F0114
EASL2070	F00D9
EASL2071	F0116
EASL2072	F0117
EASL2073	F0118
EASL2074	F0119
EASL2075	F011A
EASL2076	F011B
EASL2077	F011C
EASL2078	F011D
EASL2079	F011E
EASL2080	F011F
EASL2081	F0120
EASL2082	F0121
EASL2083	F0122
EASL2084	F0123
EASL2085	F0125
EASL2086	F0126
EASL2087	F0127
EASL2088	F25DD
EASL2089	F0129
EASL2090	F012A
EASL2091	F012B
