EASL0011	126A2
EASL0025	126A7
EASL0026	126A8
EASL0027	126AB
EASL0049	126C1
EASL0052	126C5
EASL0057	126CC
EASL0067	126D6
EASL0081	126E4
EASL0082	126E6
EASL0085	126EA
EASL0086	126EC
EASL0087	126EE
EASL0101	126FE
EASL0102	12700
EASL0108	12706
EASL0109	12708
EASL0111	1270B
EASL0112	1270C
EASL0115	12710
EASL0146	1272F
EASL0163	12743
EASL0164	12745
EASL0174	12750
EASL0180	12757
EASL0185	1275D
EASL0187	12760
EASL0196	1276D
EASL0205	12777
EASL0210	1277C
EASL0215	12781
EASL0219	12785
EASL0227	1278D
EASL0239	12799
EASL0246	127A0
EASL0249	127A3
EASL0256	127AA
EASL0262	127BC
EASL0263	127BD
EASL0287	127D6
EASL0288	127DA
EASL0290	127DD
EASL0300	127E8
EASL0309	12B5B
EASL0313	127F3
EASL0336	1280A
EASL0337	1280C
EASL0406	12852
EASL0407	12854
EASL0408	12858
EASL0436	12871
EASL0439	12875
EASL0441	12878
EASL0462	1288E
EASL0470	12895
EASL0501	128B2
EASL0505	128B7
EASL0510	128BE
EASL0513	128C2
EASL0518	128C8
EASL0530	128D4
EASL0531	128D5
EASL0535	128DB
EASL0546	128E7
EASL0563	128F7
EASL0573	12900
EASL0580	12908
EASL0582	1290B
EASL0583	1290D
EASL0603	12926
EASL0616	12934
EASL0617	12936
EASL0638	1294B
EASL0647	12955
EASL0649	1295A
EASL0652	1295E
EASL0672	12971
EASL0743	129AD
EASL0748	129B3
EASL0750	129B6
EASL0753	129BA
EASL0755	129BD
EASL0783	129D8
EASL0795	129E5
EASL0797	129E8
EASL0801	129ED
EASL0819	129FF
EASL0820	12A00
EASL0834	12DF6
EASL0863	12A0F
EASL0866	12A13
EASL0870	12A19
EASL0871	12A1D
EASL0880	12A27
EASL0881	12A29
EASL0886	12A2F
EASL0892	12A37
EASL0907	12A47
EASL0909	12A4A
EASL0961	12A7C
EASL0969	12A87
EASL0970	12A8B
EASL0977	12A93
EASL0994	12AA3
EASL0997	12AA7
EASL0998	12AA9
EASL1014	12ABA
EASL1015	12ABD
EASL1021	12AC4
EASL1027	12ACB
EASL1028	12ACD
EASL1032	12AD3
EASL1040	12ADD
EASL1045	12AE3
EASL1050	12AE8
EASL1099	12B18
EASL1101	12B1B
EASL1118	12B2C
EASL1121	12B30
EASL1127	12B37
EASL1136	12B42
EASL1137	12B44
EASL1138	12B46
EASL1150	12B54
EASL1155	12B5A
EASL1158	12B60
EASL1159	12B62
EASL1162	12B66
EASL1167	12B6D
EASL1171	12B72
EASL1173	12B76
EASL1174	12B78
EASL1199	12B93
EASL1213	12BA2
EASL1214	12BA4
EASL1231	12BB4
EASL1237	12BBA
EASL1248	12BC6
EASL1260	12BD3
EASL1269	12BDD
EASL1325	12C16
EASL1329	12C1D
EASL1330	12C1F
EASL1346	12C31
EASL1347	12C33
EASL1362	12C42
EASL1363	12C44
EASL1376	12C52
EASL1389	12C5F
EASL1410	12C73
EASL1419	12C7E
EASL1420	12C7F
EASL1429	12C88
EASL1440	12C93
EASL1453	12CA1
EASL1457	12CA7
EASL1462	12CAD
EASL1464	12CB0
EASL1467	12CB4
EASL1474	12CBC
EASL1485	12CC8
EASL1487	12CCB
EASL1489	12CCE
EASL1503	12CDE
EASL1504	12CDF
EASL1515	12CEF
EASL1526	12CFB
EASL1546	12D10
EASL1550	12D16
EASL1555	12D1C
EASL1571	12D2F
EASL1572	12D31
EASL1588	12D42
EASL1594	12D49
EASL1600	12D50
EASL1604	12D56
EASL1608	12D5A
EASL1611	12D5D
EASL1623	12D6C
EASL1626	12D71
EASL1629	12D77
EASL1634	12D7D
EASL1635	12D7F
EASL1637	12D82
EASL1644	12D8A
EASL1656	12D98
EASL1660	12D9D
EASL1661	12D9F
EASL1717	12DD9
EASL1734	12DEB
