U+12690	A	o0900000	1
U+12691	|A×AB₂|	o0900001	2
U+12692	|A×EN~a~v2|	o0900004	5
U+12693	|A×ŠUBUR|	o0900006	6
U+12694	|A×ZATU672|	o0900007	7
U+12695	|A×1(N14)|	o0900005	8
U+12696	A@t	o0900009	9
U+12697	A₂	o0900010	10
U+12698	AB~a	o0900012	24
U+12699	|AB~a×A@t|	o0900018	26
U+1269A	|AB~a×AŠ₂|	o0900020	27
U+1269B	|AB~a×KU₆~a|	o0900022	28
U+1269C	|AB~a×SUKKAL|	o0900029	29
U+1269D	|AB~a×(ŠE~a&ŠE~a)|	o0900033	30
U+1269F	|AB~a×ZATU659|	o0900038	32
U+126A0	|AB~a×1(N01)|	o0900025	33
U+F302B	|AB~a×1(N04)|	o0900027	34
U+126A1	AB~a@g	o0900040	36
U+126A3	AB~b	o0900014	37
U+126A4	|AB~b×A|	o0900016	38
U+126A5	|AB~b×KU₆~a|	o0900023	39
U+126A6	|AB~b×ŠA₃~a1|	o0900031	40
U+126A7	AB₂	o0900041	43
U+126A8	|AB₂×2(N14)|	o0900043	44
U+126AB	ABGAL	o0900047	50
U+126AD	ABRIG	o0900049	52
U+126AE	ABZU	o0900050	53
U+126AF	AD~a	o0900053	56
U+126B0	AD~b	o0900054	57
U+126B1	AD~c	o0900055	58
U+126B2	ADAB	o0900056	59
U+126B3	ADDA	o0900058	61
U+126B4	ADDA@t	o0900059	62
U+126B5	AGAR₂	o0900060	64
U+126B6	AK~a	o0900062	66
U+126B7	AK~b	o0900063	67
U+126B8	AL	o0900064	68
U+126B9	ALAN~a	o0900066	70
U+126BA	ALAN~b	o0900067	71
U+126BB	ALAN~c	o0900068	72
U+126BC	ALAN~d	o0900069	73
U+126BD	ALAN~e	o0900070	74
U+126BE	ALIM	o0900072	75
U+126BF	AM~a	o0900074	78
U+126C0	AM~b	o0900075	79
U+126C1	AMA~a	o0900077	82
U+126C2	|AMA~a×E₂~a|	o0900081	83
U+126C4	AMA~b	o0900079	85
U+126C5	AMAR	o0900082	86
U+126C7	|AMAR&AMAR|	o0900087	90
U+126CB	|AMAR~v2×TAR~c|	o0900086	93
U+126C8	AMAR@g	o0900088	94
U+126CC	AN	o0900089	95
U+126CE	ANŠE~a	o0900093	99
U+126CF	ANŠE~b	o0900094	100
U+126D0	ANŠE~c	o0900095	101
U+126D1	ANŠE~e	o0900096	103
U+F3068	ANŠE~f	o0900097	104
U+126D2	APIN~a	o0900100	107
U+126D4	APIN~b	o0900101	109
U+126D5	APIN~c	o0900102	110
U+126D6	ARARMA₂~a	o0900106	112
U+126D8	ARARMA₂~b	o0900108	114
U+126D9	ARATTA	o0900109	115
U+126DA	ASAR	o0900111	116
U+126DB	AŠ₂	o0900112	118
U+126DC	AZ	o0900113	120
U+126DD	AZU	o0900114	121
U+126DE	BA	o0900115	122
U+126DF	BAD	o0900116	123
U+126E0	|BAD&BAD|	o0900117	126
U+126E1	BAD₃~a	o0900119	128
U+126E2	BAD₃~b1	o0900121	129
U+126E3	BAD₃~b2	o0900122	130
U+126E4	BAHAR₂~a	o0900124	132
U+126E6	BAHAR₂~b	o0900126	134
U+126E8	BAHAR₂~c	o0900128	136
U+126E9	BALA~a	o0900130	138
U+126EA	BALA~b	o0900131	139
U+126EC	BALAG	o0900133	141
U+126EE	BAN~a	o0900136	144
U+126F1	BAN~b	o0900139	147
U+126F2	BANŠUR~a	o0900141	149
U+126F3	BANŠUR~a@t	o0900146	150
U+126F4	BANŠUR~b1	o0900142	151
U+126F5	BANŠUR~b2	o0900143	152
U+126F6	BANŠUR~c	o0900144	153
U+126F7	BAPPIR~a	o0900148	156
U+126F8	BAPPIR~b	o0900149	157
U+126F9	BAPPIR~c	o0900150	158
U+126FA	BAPPIR~d	o0900151	159
U+126FB	BAPPIR~e	o0900152	160
U+126FC	BAPPIR~f	o0900153	161
U+126FD	BAR	o0900154	162
U+126FE	BARA₂~a	o0900158	168
U+12700	BARA₂~b	o0900160	170
U+12702	BARA₃	o0900162	172
U+12703	BIR~a	o0900165	638
U+12704	BIR~b	o0900166	639
U+12705	BIR~c	o0900167	640
U+12706	BIR₃~a	o0900169	642
U+12708	BIR₃~b	o0900171	644
U+1270A	BIR₃~c	o0900173	646
U+1270B	BU~a	o0900175	663
U+1270C	|BU~a+DU₆~a|	o0900199	669
U+F302D	|BU~a+KI|	o0900202	672
U+F302E	|BU~a+TU~b|	o0900204	673
U+1270E	|BU~a×GIŠ@t|	o0900185	675
U+1270F	|BU~a×1(N58)|	o0900187	676
U+F302C	|BU~a&BU~a|	o0900189	677
U+12714	|BU~a~v1×A|	o0900183	686
U+12716	BU~b	o0900177	689
U+12718	BU₃	o0900205	692
U+12719	BULUG	o0900206	694
U+1271A	BULUG₃	o0900207	695
U+1271B	BUR~a	o0900211	699
U+1271C	BUR~b	o0900212	700
U+1271D	BUR~c	o0900213	701
U+1271E	BUR~d	o0900214	702
U+1271F	BUR₂	o0900215	703
U+12720	DA~a	o0900217	706
U+12722	DA~b	o0900218	708
U+12723	DA~c	o0900219	709
U+12724	DA~d	o0900220	710
U+12725	DAH	o0900224	711
U+12726	DAM	o0900225	712
U+12727	DANNA	o0900226	713
U+12728	DAR~a	o0900228	716
U+12729	|DAR~a×A|	o0900233	717
U+1272A	DAR~b	o0900229	718
U+1272B	DAR~c	o0900230	719
U+1272C	DAR~d	o0900231	720
U+1272D	DARA₃~a	o0900235	724
U+1272E	DARA₃~b	o0900236	725
U+1272F	DARA₃~c	o0900237	726
U+12730	|DARA₃~c×KAR₂~b|	o0900241	729
U+12731	|DARA₃~c×(KAR₂~c.ŠE~a)|	o0900246	730
U+12733	DARA₃~d	o0900239	732
U+12734	|DARA₃~d×KAR₂~b|	o0900243	737
U+12735	|DARA₃~d1×KAR₂~b|	o0900242	739
U+12736	|DARA₃~d2×KAR₂~a1|	o0900244	741
U+12737	|DARA₃~d2×(KAR₂~a1.ŠE~a)|	o0900247	742
U+12738	DARA₄~a1	o0900249	744
U+12739	DARA₄~a2	o0900250	745
U+1273A	DARA₄~a3	o0900251	746
U+1273B	DARA₄~b	o0900252	747
U+F3069	DARA₄~c	o0900253	748
U+1273C	DARA₄~c1	o0900254	749
U+1273D	DARA₄~c2	o0900255	750
U+1273E	DARA₄~c3	o0900256	751
U+1273F	DARA₄~c4	o0900257	752
U+12740	DARA₄~c5	o0900258	753
U+F302F	DARA₄~d	o0900259	754
U+12741	DI	o0900260	755
U+12742	DI@t	o0900261	756
U+12743	DIB	o0900262	757
U+12745	DILMUN	o0900264	759
U+12748	DIM~a	o0900269	763
U+12749	DIM~b	o0900270	764
U+1274A	DIM~c	o0900271	765
U+1274B	DIN	o0900276	766
U+F3030	|DIN×1(N58)|	o0900277	769
U+1274C	DIN@t	o0900278	770
U+1274D	DU	o0900279	772
U+1274E	|DU×1(N58@t)|	o0900281	775
U+1274F	DU@g	o0900282	776
U+12750	DU₆~a	o0900284	780
U+12752	|DU₆~a~v1×1(N58)|	o0900290	784
U+12753	DU₆~b	o0900287	787
U+12754	DU₆~c	o0900288	788
U+12755	DU₇	o0900291	789
U+12756	DU₈~a	o0900293	796
U+12757	DU₈~b	o0900294	797
U+12759	DU₈~c	o0900296	799
U+F3031	|DU₈~c×AB₂|	o0900299	800
U+F3032	|DU₈~c×AMAR|	o0900301	801
U+1275A	|DU₈~c×HI|	o0900303	802
U+1275B	|DU₈~c×UDU~a|	o0900305	803
U+1275D	DU₈~c@g	o0900309	805
U+1275F	DUB~a	o0900312	815
U+12760	DUB~b	o0900313	816
U+12765	DUB~c	o0900318	822
U+12766	DUB~d	o0900319	823
U+12767	DUB~e	o0900320	824
U+12768	DUB~f	o0900321	825
U+F3033	DUB~h	o0900322	826
U+12769	|(DUB@n~a×1(N58))~a|	o0900324	832
U+1276A	|(DUB@n~a×1(N58))~b|	o0900326	833
U+1276B	|DUB@n~b×1(N58)~a|	o0900325	835
U+1276C	DUB₂	o0900329	837
U+1276D	DUG~a	o0900331	898
U+1276E	|DUG~a×KASKAL|	o0900375	899
U+F306A	|DUG~a×KU₆~a|	o0900378	900
U+1276F	|DUG~a×LAM~b|	o0900388	901
U+12770	|DUG~a×NAGA~a|	o0900407	902
U+12771	|DUG~a×U₂~a|	o0900447	903
U+12772	|DUG~a×U₂~b|	o0900448	904
U+12773	|DUG~a×1(N57)|	o0900394	905
U+12774	DUG~a@t	o0900478	908
U+12777	DUG~b	o0900334	909
U+12778	|DUG~b×ANŠE~b|	o0900342	940
U+12779	|DUG~b×ANŠE~d|	o0900343	941
U+1277A	|DUG~b×BALA~a|	o0900347	943
U+1277B	|DUG~b×BIR₃~c|	o0900349	944
U+1277C	|DUG~b×DIN|	o0900351	945
U+1277D	|(DUG~b×DIN)@r|	o0900354	946
U+1277E	|DUG~b×E~a|	o0900356	948
U+1277F	|DUG~b×GA~a~v4|	o0900358	950
U+12780	|DUG~b×GA~b|	o0900359	951
U+12782	|DUG~b×GEŠTU~b|	o0900363	955
U+12783	|DUG~b×GI₆|	o0900365	956
U+12784	|DUG~b×GIŠ|	o0900367	957
U+12785	|DUG~b×HI|	o0900370	958
U+12786	|DUG~b×KASKAL|	o0900376	961
U+12787	|DUG~b×KU₆~a|	o0900379	962
U+12788	|DUG~b×KUR~a|	o0900381	963
U+1278A	|DUG~b×KUR~b|	o0900382	965
U+1278B	|DUG~b×KUR@g~a|	o0900386	966
U+1278C	|DUG~b×LAM~a|	o0900389	967
U+1278D	|DUG~b×MAŠ|	o0900391	968
U+1278E	|DUG~b×NAGA~a|	o0900408	970
U+1278F	|DUG~b×NAM₂|	o0900410	971
U+12790	|DUG~b×(NI~a@g.ZATU779)|	o0900412	972
U+12791	|DUG~b×SA~a|	o0900414	973
U+12792	|DUG~b×SI₄~a|	o0900418	975
U+12794	|DUG~b×SIG₂~a1|	o0900422	977
U+12795	|DUG~b×SIG₂~a2|	o0900423	978
U+12796	|DUG~b×SIG₇|	o0900425	979
U+12797	|DUG~b×SUHUR|	o0900427	980
U+12798	|DUG~b×ŠAH₂~a|	o0900431	982
U+12799	|DUG~b×ŠE~a|	o0900433	983
U+1279A	|DUG~b×(ŠE~a.NAM₂)|	o0900437	986
U+1279B	|DUG~b×TAK₄~a|	o0900439	987
U+1279C	|DUG~b×(TAK₄~a.SA~a)|	o0900441	988
U+1279D	|DUG~b×(TAK₄~a.SAL)|	o0900443	989
U+1279E	|DUG~b×TI|	o0900445	990
U+1279F	|DUG~b×U₂~a|	o0900449	991
U+127A0	|DUG~b×U₂~b|	o0900450	992
U+F3034	|DUG~b×(UDU~a×TAR~b)|	o0900454	993
U+127A1	|DUG~b×UH₃~a|	o0900456	994
U+127A2	|DUG~b×UH₃~a@t|	o0900458	995
U+127A4	|DUG~b×ZATU707~a|	o0900464	998
U+127A5	|DUG~b×ZATU764|	o0900466	999
U+127A6	|DUG~b×ZATU779|	o0900468	1000
U+127A7	|DUG~b×ZATU780|	o0900470	1001
U+127A8	|DUG~b×ZATU781|	o0900472	1002
U+127A9	|DUG~b×(ZATU789.SA~a)|	o0900474	1003
U+127AA	|DUG~b×1(N57)|	o0900395	1004
U+127AB	|DUG~b×(1(N57).KU₃~a)|	o0900401	1005
U+127AC	|DUG~b×3(N57)|	o0900403	1006
U+127AE	|DUG~b~v1×AB₂|	o0900340	1010
U+127B2	|DUG~b~v1×HI@g~a|	o0900373	1014
U+127B5	|DUG~b~v1×ŠE~a@t|	o0900435	1017
U+F3035	|DUG~b~v1×1(N58)|	o0900405	1021
U+127B9	|(DUG~b~v1&DUG~b~v1)×1(N58)|	o0900476	1023
U+127BB	DUG~c@t	o0900479	1036
U+127C1	DUG~c2@t	o0900480	1038
U+127C2	DUGUD	o0900481	1041
U+127C3	DUR~a	o0900483	1045
U+127C4	DUR~b	o0900484	1046
U+127C5	DUR₂	o0900485	1047
U+127C6	E~a	o0900487	1049
U+127C7	E~b	o0900488	1050
U+127C8	E~c	o0900489	1051
U+127C9	E~d	o0900490	1052
U+127CA	E₂~a	o0900493	1058
U+127CC	|E₂~a×3(N58)|	o0900506	1062
U+127CD	|E₂~a×1(N58@t)|	o0900503	1063
U+127CE	E₂~b	o0900494	1064
U+127D0	|E₂~b×1(N58@t)|	o0900504	1070
U+127D1	E₂~c	o0900495	1071
U+127D2	E₂~d	o0900496	1072
U+127D3	E₃~a	o0900508	1074
U+127D4	E₃~b	o0900510	1075
U+127D5	EDIN	o0900511	1076
U+127D6	EN~a	o0900513	1079
U+127DA	EN~b	o0900517	1087
U+127DB	EN~b@t	o0900528	1089
U+127DD	EN~c	o0900519	1090
U+127DE	|EN~c&EN~c|	o0900523	1091
U+127E0	EN~e	o0900521	1094
U+127E1	EN@g~a	o0900525	1096
U+127E2	EN@g~b	o0900526	1097
U+127E3	EN₂	o0900529	1099
U+127E6	ENDIB	o0900533	1104
U+127EA	ENLIL	o0900537	1108
U+127EB	ERIM~a	o0900541	1110
U+127EC	ERIM~b1	o0900542	1111
U+127ED	ERIM~b2	o0900543	1112
U+127EE	ERIM₂	o0900544	1113
U+127EF	ERIN	o0900545	1114
U+127F0	EŠDA	o0900546	1115
U+127F1	|EŠDA×TAR~a|	o0900547	1117
U+127F2	EŠGAR	o0900548	1118
U+127F3	EZEN~a	o0900550	1139
U+127F4	|EZEN~a×EN~b~v1|	o0900557	1144
U+127F5	|EZEN~a×(HI×1(N57).AN)|	o0900559	1146
U+127F6	|EZEN~a×KAB|	o0900561	1147
U+F3036	|EZEN~a×KAŠ~b|	o0900563	1148
U+127F7	|EZEN~a×KI|	o0900565	1149
U+127F8	|EZEN~a×LA~e|~v1	o0900568	1150
U+127F9	|EZEN~a×NIM~b2|	o0900573	1151
U+127FA	|EZEN~a×NIMGIR|	o0900575	1152
U+127FB	|EZEN~a×RAD~a|	o0900577	1153
U+127FC	|EZEN~a×SAG~v1|	o0900579	1155
U+127FD	|EZEN~a×SU~a|	o0900581	1156
U+127FE	|EZEN~a×(U₂~b.A)|	o0900583	1157
U+127FF	|EZEN~a×U₄|	o0900585	1158
U+12802	|EZEN~a~v1×EN~a|	o0900556	1163
U+12803	EZEN~b	o0900552	1164
U+12804	|EZEN~b×6(N57)|	o0900570	1166
U+12806	EZINU~a	o0900594	1170
U+12807	EZINU~b	o0900595	1171
U+12808	EZINU~c	o0900596	1172
U+12809	EZINU~d	o0900597	1173
U+1280A	GA~a	o0900599	1178
U+12811	GA~b	o0900604	1187
U+12812	GA~c	o0900605	1188
U+12813	|GA~c×KASKAL|	o0900610	1189
U+12814	|GA~c×1(N14)|	o0900612	1190
U+12815	GA₂~a1	o0900616	1233
U+12816	|GA₂~a1×A|	o0900623	1238
U+F3039	|GA₂~a1×E₂~a|	o0900628	1239
U+12817	|GA₂~a1×EN~b~v1|	o0900631	1242
U+F306B	|GA₂~a1×GEŠTU~a|	o0900633	1243
U+12818	|GA₂~a1×GEŠTU~c3|	o0900634	1244
U+12819	|GA₂~a1×GEŠTU~c5|	o0900635	1245
U+1281A	|GA₂~a1×GIR~a|	o0900637	1246
U+1281B	|GA₂~a1×(GIR~a.KU₆~a)|	o0900639	1247
U+1281C	|GA₂~a1×GIŠ@t|	o0900641	1248
U+1281D	|GA₂~a1×HAL|	o0900648	1249
U+1281E	|GA₂~a1×HI|	o0900650	1250
U+1281F	|GA₂~a1×(HI.SUHUR~v1)|	o0900652	1252
U+12820	|GA₂~a1×KU₃~a|	o0900654	1253
U+12821	|GA₂~a1×KU₆~a|	o0900657	1254
U+12822	|GA₂~a1×(KU₆~a.KU₆~a)|	o0900660	1255
U+12823	|GA₂~a1×LAGAB~b|	o0900662	1256
U+12824	|GA₂~a1×MAŠ|	o0900664	1257
U+12825	|GA₂~a1×NAGA~a|	o0900675	1258
U+12826	|GA₂~a1×NIM~b1|	o0900680	1259
U+12827	|GA₂~a1×PAD~b|	o0900685	1260
U+12828	|GA₂~a1×PAP~a|	o0900687	1261
U+12829	|GA₂~a1×SU~a|	o0900689	1262
U+1282A	|GA₂~a1×SUHUR|	o0900691	1263
U+1282B	|GA₂~a1×SUKUD|	o0900694	1264
U+1282C	|GA₂~a1×((SUKUD+SUKUD)~a)|	o0900696	1265
U+1282D	|GA₂~a1×((SUKUD+SUKUD)~b)|	o0900697	1266
U+1282E	|GA₂~a1×SUMAŠ|	o0900699	1269
U+1282F	|GA₂~a1×ŠA|	o0900701	1270
U+12830	|GA₂~a1×TI|	o0900705	1271
U+12831	|GA₂~a1×U₄|	o0900707	1272
U+12833	|GA₂~a1×1(N14)|	o0900666	1275
U+12834	|GA₂~a1×1(N57)|	o0900668	1276
U+12835	|GA₂~a1×3(N57)|	o0900670	1277
U+12836	GA₂~a2	o0900617	1278
U+12837	|GA₂~a2×GU₄|	o0900644	1279
U+12838	|GA₂~a2×NI~a|	o0900677	1281
U+12839	|GA₂~a2×NI~b|	o0900678	1282
U+1283A	|GA₂~a2×SUHUR|	o0900692	1284
U+1283B	|GA₂~a2×ŠE₃~v1|	o0900703	1286
U+1283C	|GA₂~a2×(ŠE₃~v1.GU₄)|	o0900646	1287
U+1283E	GA₂~a3	o0900618	1290
U+12840	GA₂~a4	o0900619	1292
U+12841	GA₂~b	o0900620	1293
U+12842	|GA₂~b×DUB~a|	o0900625	1295
U+12843	|GA₂~b×DUB~b~v2|	o0900626	1297
U+12844	|GA₂~b×KU₃~a|	o0900655	1298
U+F306C	|GA₂~b×KU₆~a|	o0900658	1299
U+12845	|GA₂~b×ZATU659|	o0900715	1302
U+12846	GA₂~c	o0900621	1305
U+12847	GAʾAR~a1	o0900719	1307
U+12848	GAʾAR~a2	o0900720	1308
U+12849	GAʾAR~b1	o0900721	1309
U+1284A	GAʾAR~b2	o0900722	1310
U+1284B	GADA~a	o0900724	1313
U+1284C	GADA~b	o0900725	1314
U+1284D	GADA~b@g	o0900727	1315
U+1284E	GAL~a	o0900729	1318
U+1284F	GAL~b	o0900730	1319
U+12850	GALGA~a	o0900732	1321
U+12851	GALGA~b	o0900733	1322
U+12852	GAN~a	o0900736	1338
U+12854	GAN~b	o0900738	1340
U+12858	GAN~c	o0900742	1344
U+12859	|GAN~c×DIN|	o0900747	1345
U+1285A	|GAN~c×HI|	o0900751	1346
U+1285B	|GAN~c×(HI.DIN)|	o0900755	1347
U+1285C	|GAN~c×LAGAB~b|	o0900761	1350
U+1285D	|GAN~c×NE~a|	o0900765	1351
U+1285E	|GAN~c×SIG₇|	o0900767	1352
U+F303A	|GAN~c×(4(N57).GAR)|	o0900763	1358
U+12861	|GAN~c~v1×KAŠ~c|	o0900757	1361
U+12862	|GAN~c~v1×(KUR~a.A)|	o0900759	1362
U+12863	|GAN~c~v1×ZATU777~v1|	o0900775	1363
U+12864	|GAN~c~v2×ŠE~a|	o0900769	1365
U+12865	|GAN~c~v2×ŠE₃@t~v1|	o0900771	1366
U+12866	|GAN~d×GEŠTU~a~v2|	o0900749	1369
U+12867	GAN₂	o0900778	1371
U+12868	GAR	o0900779	1372
U+12869	GAR@g~a	o0900781	1374
U+1286A	GAR@g~b	o0900782	1375
U+1286B	GAR@g~c	o0900783	1376
U+1286C	GAR₃	o0900784	1377
U+1286D	GARA₂~a	o0900786	1379
U+1286E	GARA₂~b	o0900787	1381
U+1286F	GAZI	o0900788	1382
U+12870	GEŠTIN~a	o0900790	1384
U+F306E	GEŠTIN~d	o0900792	1385
U+F306F	GEŠTIN~e	o0900793	1386
U+12871	GEŠTU~a	o0900797	1389
U+12874	GEŠTU~b	o0900800	1393
U+12875	GEŠTU~c3	o0900801	1395
U+12877	GEŠTU~c5	o0900803	1397
U+12878	GI	o0900806	1398
U+F303B	|GI×A|	o0900809	1400
U+12879	|GI×KU~b1|	o0900812	1403
U+1287A	|GI×NAM₂|	o0900817	1406
U+1287B	|GI×SIG₂~d1|	o0900819	1408
U+1287C	|GI×ŠE₃~v1|	o0900820	1410
U+1287E	|GI×1(N58@t)|	o0900816	1414
U+1287F	|GI&GI|	o0900822	1415
U+12880	|(GI&GI)×GIŠ@t|	o0900823	1416
U+12881	|(GI&GI)×ŠE₃~v1|	o0900824	1418
U+12885	|GI~v1×GIŠ@t|	o0900810	1422
U+12886	|GI~v1×LAGAB~a|	o0900814	1423
U+12887	|GI~v1×1(N14)|	o0900815	1424
U+12888	|GI~v1&GI~v1&GI~v1|	o0900826	1425
U+12883	GI@t	o0900827	1426
U+12889	GI₄~a	o0900829	1430
U+1288A	|GI₄~a×A|	o0900832	1431
U+1288B	|GI₄~a&GI₄~a|	o0900834	1432
U+1288C	GI₄~b	o0900830	1433
U+1288D	|GI₄~b&GI₄~b|	o0900835	1434
U+1288E	GI₆	o0900836	1435
U+12890	GIBIL	o0900839	1438
U+12891	GIBIL@t	o0900840	1439
U+12892	GIBIL₆	o0900841	1440
U+12893	GIR~a	o0900845	1444
U+12895	GIR~b	o0900846	1446
U+12898	GIR~c	o0900848	1450
U+12899	GIR~d	o0900849	1451
U+1289A	GIR₂~a	o0900855	1454
U+1289B	GIR₂~b	o0900856	1455
U+1289C	GIR₃~a	o0900858	1460
U+1289D	|GIR₃~a×ŠE~b|	o0900864	1461
U+1289E	GIR₃~b	o0900859	1462
U+1289F	GIR₃~c	o0900860	1463
U+128A0	|GIR₃~c×KAR₂~b|	o0900862	1465
U+128A1	|GIR₃~c×ŠE₃~v1|	o0900866	1467
U+128A2	GIR₃@g~a	o0900869	1470
U+128A3	GIR₃@g~b	o0900870	1471
U+128A4	GIR₃@g~c	o0900871	1472
U+128A5	GISAL~a	o0900873	1474
U+128A6	GISAL~b	o0900874	1475
U+128A7	GIŠ	o0900875	1476
U+128A9	|(GIŠ×(DIN.DIN))~a|	o0900879	1481
U+128AA	|(GIŠ×(DIN.DIN))~b|	o0900880	1482
U+128AB	|(GIŠ×(DIN.DIN))~c|	o0900881	1483
U+128AC	|(GIŠ×ŠU₂)~a|	o0900883	1485
U+128AD	|(GIŠ×ŠU₂)~b|	o0900884	1486
U+128AE	GIŠ@t	o0900885	1489
U+128AF	GIŠ₃~a	o0900889	1492
U+128B0	|GIŠ₃~a&GIŠ₃~a|	o0900892	1493
U+128B1	GIŠ₃~b	o0900890	1494
U+128B2	GIŠGAL	o0900893	1495
U+128B4	GIŠIMMAR~a1	o0900896	1498
U+128B5	GIŠIMMAR~a2	o0900897	1499
U+128B6	GIŠIMMAR~a3	o0900898	1500
U+128B7	GIŠIMMAR~b1	o0900899	1501
U+128BA	GIŠIMMAR~b3	o0900903	1505
U+128BB	GIZZAL~v	o0900905	1508
U+128BC	GU	o0900906	1509
U+128BD	GU₂	o0900907	1511
U+128BE	GU₄	o0900908	1512
U+128C0	GU₄@g	o0900914	1517
U+128C2	GU₇	o0900912	1518
U+128C4	GUB₃~a	o0900916	1521
U+128C5	GUB₃~b	o0900917	1522
U+128C6	GUB₃~c	o0900918	1523
U+128C7	GUB₃~d	o0900919	1524
U+128C8	GUG₂	o0900920	1526
U+128CB	|GUG₂~v1×SILA₃~a|	o0900923	1534
U+128CC	|GUG₂~v1×TUR~v1|	o0900926	1536
U+128C9	GUG₂@t	o0900927	1537
U+128CD	GUKKAL~a	o0900929	1540
U+128CF	GUKKAL~b	o0900930	1542
U+128D0	GUKKAL~c	o0900931	1543
U+128D1	GUKKAL~d	o0900932	1544
U+128D2	GUL	o0900935	1545
U+128D3	GUM~a	o0900937	1547
U+128D4	GUM~b	o0900938	1548
U+128D5	GUM~b@n	o0900941	1550
U+128D8	GUN₃~a	o0900944	1555
U+128D9	GUN₃~b	o0900945	1556
U+128DA	GUR	o0900946	1557
U+128DB	GURUŠ~a	o0900948	1560
U+128DC	|GURUŠ~a×2(N14)|	o0900952	1561
U+128DE	GURUŠ~b	o0900950	1563
U+128DF	|GURUŠ~b×2(N14)|	o0900953	1564
U+128E0	|GURUŠ~c×2(N14)|	o0900954	1566
U+128E1	GURUŠDA	o0900955	1567
U+128E2	HAL	o0900956	1569
U+128E3	HALUB	o0900957	1570
U+128E4	HAŠHUR	o0900958	1571
U+128E5	|HAŠHUR×MA|	o0900959	1572
U+128E6	HI	o0900960	1573
U+128EA	|HI×LAGAB~a|	o0900966	1582
U+128EB	|HI×ZATU707~a|	o0900974	1584
U+128EC	|HI×1(N57)|	o0900968	1586
U+128EE	|HI×1(N57@t)|	o0900970	1591
U+128EF	|HI×1(N58)|	o0900971	1592
U+128F0	HI@g~a	o0900976	1598
U+128F1	HI@g~b	o0900977	1599
U+128F2	HI@g~c	o0900978	1600
U+128F3	I	o0900981	1602
U+128F4	IB~a	o0900983	1604
U+128F5	IB~a@n	o0900987	1605
U+128F6	IB~b	o0900984	1606
U+F3072	IB~c	o0900985	1607
U+128F7	IDIGNA	o0900988	1609
U+128F9	IG~a	o0900991	1612
U+128FA	IG~b	o0900992	1613
U+128FB	IL	o0900995	1614
U+128FC	ILDUM~a	o0900997	1616
U+128FD	ILDUM~b	o0900998	1617
U+128FE	IM~a	o0901000	1619
U+128FF	IM~b	o0901001	1620
U+12900	IN~b	o0901005	1623
U+12902	IN~d	o0901007	1625
U+12903	IR~a	o0901009	1628
U+12905	IR~b	o0901010	1630
U+12906	IR~c	o0901011	1631
U+12907	IR~d	o0901012	1632
U+12908	IR₁₁	o0901016	1634
U+1290A	IRHAN	o0901018	1636
U+1290B	IŠ~a	o0901020	1638
U+1290D	IŠ~b	o0901022	1640
U+12913	IŠ~c	o0901028	1646
U+12914	KA~a	o0901030	1650
U+12915	|KA~a×SAR~a|	o0901036	1654
U+12918	KA₂~a	o0901038	1660
U+12919	KA₂~b	o0901039	1661
U+1291A	KA₂~c	o0901040	1662
U+1291B	|KA₂~d×LAM~b|	o0901043	1664
U+1291C	KAB	o0901044	1666
U+1291D	|KAB×1(N58)|	o0901045	1667
U+1291E	KAD₄~a	o0901047	1669
U+1291F	KAD₄~b	o0901048	1670
U+12920	KAD₄~c1	o0901049	1671
U+12921	KAD₄~c2	o0901050	1672
U+12922	KAK~a	o0901052	1675
U+12924	KAK~b	o0901053	1677
U+12925	KAL~a	o0901057	1679
U+12926	KAL~b1	o0901058	1680
U+12928	KAL~b2	o0901060	1682
U+12929	KALAM~a	o0901062	1684
U+1292A	KALAM~b	o0901063	1685
U+1292B	KALAM~c	o0901064	1686
U+1292C	KALAM~d	o0901065	1687
U+1292D	KALAM~e	o0901066	1688
U+1292E	KALAM~f	o0901067	1689
U+F303C	KALAM~g	o0901068	1690
U+F303D	KALAM~h	o0901069	1691
U+F303E	KALAM~h2	o0901070	1692
U+1292F	KAR	o0901071	1693
U+12930	KAR₂~a	o0901073	1695
U+12931	KAR₂~b	o0901074	1697
U+12932	KASKAL	o0901075	1699
U+12933	KASKAL@g	o0901076	1700
U+12934	KAŠ~a	o0901078	1703
U+12936	KAŠ~b	o0901080	1705
U+12939	|KAŠ~b~v1×ŠE~a@t~v1|	o0901086	1708
U+12937	KAŠ~b@t	o0901088	1709
U+1293A	KAŠ~c	o0901082	1710
U+1293B	KAŠ~d	o0901083	1711
U+1293C	KI	o0901090	1714
U+1293D	KI@n	o0901091	1716
U+1293E	|KI@n×DUB~a|	o0901093	1719
U+1293F	KIB	o0901094	1720
U+12940	KIB@g	o0901095	1721
U+12941	KID~a	o0901097	1723
U+12942	KID~b	o0901098	1724
U+12943	KID~c	o0901099	1725
U+12944	KID~d	o0901100	1726
U+12945	KID~e	o0901101	1727
U+12946	KIN	o0901102	1728
U+12947	KIN₂~a	o0901104	1730
U+F3073	KIN₂~b	o0901105	1731
U+12948	KIN₂~c	o0901106	1732
U+12949	KIN₂~d	o0901107	1733
U+1294A	KIN₂~e	o0901108	1734
U+1294B	KINGAL	o0901109	1735
U+1294D	KIR₁₁	o0901111	1737
U+1294E	KISAL~a1	o0901113	1739
U+1294F	KISAL~a2	o0901114	1740
U+12950	KISAL~b1	o0901115	1741
U+12951	KISAL~b2	o0901116	1742
U+12952	KISAL~b2@t	o0901120	1743
U+12953	KISAL~b3	o0901117	1744
U+12954	KISIM~a	o0901122	1748
U+12955	KISIM~b	o0901123	1749
U+12959	KISIM~c	o0901127	1753
U+1295A	KIŠ	o0901128	1754
U+1295C	KIŠIK~a	o0901131	1757
U+1295D	KIŠIK~b	o0901132	1758
U+1295E	KITI	o0901133	1759
U+12960	KU~a	o0901136	1762
U+12961	KU~b1	o0901137	1763
U+12962	KU~b2	o0901138	1764
U+12963	KU₃~a	o0901142	1766
U+12964	KU₃~c	o0901143	1767
U+12965	KU₆~a	o0901145	1772
U+12967	|KU₆~a+GIŠ|	o0901151	1774
U+12968	|KU₆~a+KU₆~a|	o0901153	1775
U+12969	KU₆~a@s	o0901155	1776
U+1296A	KU₆~c	o0901146	1777
U+1296B	KU₆~d	o0901147	1778
U+1296C	KUR~a	o0901158	1783
U+1296F	KUR~b	o0901159	1786
U+12971	KUR~c	o0901160	1788
U+12973	KUR~d	o0901162	1790
U+12974	KUR@g~a	o0901169	1793
U+12975	KUR@g~b	o0901170	1794
U+12976	KUŠU₂~a	o0901172	1796
U+12977	KUŠU₂~b	o0901173	1798
U+12978	KUŠU₂~c	o0901174	1799
U+12979	KUŠU₂~d	o0901175	1800
U+1297A	KUŠU₂~e	o0901176	1801
U+1297B	KUŠU₂~f	o0901177	1802
U+1297C	LA~b	o0901179	1804
U+1297D	LA~c	o0901180	1805
U+1297E	LA~d	o0901181	1806
U+1297F	LA₂	o0901184	1808
U+12980	LAGAB~a	o0901186	1844
U+12981	|LAGAB~a×BA|	o0901191	1847
U+12982	|LAGAB~a×BIR₃~b|	o0901195	1848
U+12983	|LAGAB~a×DU₆~a~v1|	o0901197	1849
U+12984	|LAGAB~a×KAK~a|	o0901205	1851
U+12985	|LAGAB~a×KU₆~a|	o0901207	1852
U+12986	|LAGAB~a×(KU₆~a+KU₆~a)|	o0901209	1853
U+12987	|LAGAB~a×KUŠU₂~a@t|	o0901213	1854
U+12988	|LAGAB~a×LAGAB~a|	o0901217	1857
U+12989	|LAGAB~a×ME~a|	o0901219	1858
U+1298A	|LAGAB~a×NUN~b|	o0901229	1860
U+1298B	|LAGAB~a×PA~a|	o0901231	1861
U+1298C	|LAGAB~a×SI~v1|	o0901234	1863
U+1298D	|LAGAB~a×SIG₇~v1|	o0901237	1865
U+1298E	|LAGAB~a×SU~a|	o0901239	1866
U+1298F	|LAGAB~a×ŠA|	o0901243	1867
U+12990	|LAGAB~a×ŠITA~a1|	o0901245	1868
U+12991	|LAGAB~a×TI|	o0901248	1869
U+12992	|LAGAB~a×U₄|	o0901250	1870
U+12993	|LAGAB~a×UB|	o0901253	1871
U+12995	|LAGAB~a×ZATU753|	o0901258	1873
U+12996	|LAGAB~a×2(N14)|	o0901223	1874
U+F301A	|LAGAB~a×1(N58)|	o0901225	1875
U+12997	LAGAB~b	o0901187	1876
U+12998	|LAGAB~b×BANŠUR~a|	o0901193	1880
U+12999	|LAGAB~b×GAʾAR~a1|	o0901199	1881
U+1299A	|LAGAB~b×HI|	o0901201	1882
U+1299B	|LAGAB~b×KUR~e|	o0901211	1884
U+1299C	|LAGAB~b×PA~a|	o0901232	1886
U+1299D	|LAGAB~b×SUH₃|	o0901241	1887
U+1299E	|LAGAB~b×U₄|	o0901251	1888
U+1299F	|LAGAB~b&LAGAB~b|	o0901260	1889
U+129A0	LAGAR~a	o0901262	1891
U+129A1	LAGAR~a@r	o0901267	1892
U+129A2	LAGAR~b1	o0901263	1893
U+129A3	LAGAR~b2	o0901264	1894
U+129A4	LAGAR~c	o0901265	1895
U+129A5	LAHTAN₂	o0901268	1897
U+129A6	LAL₂~a	o0901270	1902
U+129A7	|LAL₂~a×EZEN~a~v1|	o0901273	1904
U+F303F	|LAL₂~a×NAGA~a|	o0901275	1905
U+129A8	|LAL₂~a×NIM~b2|	o0901277	1906
U+129A9	LAL₂~b	o0901271	1907
U+129AA	LAL₃~a	o0901279	1909
U+129AB	LAL₃~b	o0901280	1910
U+129AC	LAM~a	o0901283	1913
U+129AD	LAM~b	o0901284	1914
U+129AE	LAM~b@r	o0901290	1917
U+129AF	LAM~b@s	o0901292	1918
U+129B0	LAM~b@t	o0901294	1919
U+129B3	LI	o0901301	1923
U+129B5	LIŠ	o0901303	1925
U+129B6	LU₂	o0901304	1926
U+129B7	|LU₂×GEŠTU~c3|	o0901308	1928
U+129BA	LUGAL	o0901310	1931
U+129BC	LUM	o0901312	1934
U+129BD	MA	o0901313	1935
U+129BE	|MA×MA|	o0901316	1937
U+129BF	|MA×1(N58)|	o0901318	1938
U+129C1	|MA~v1×A|	o0901315	1940
U+129C2	MA₂	o0901320	1941
U+129C3	MAGUR~a	o0901322	1943
U+129C4	MAGUR~b	o0901323	1944
U+129C5	MAH~a	o0901325	1961
U+129C6	|MAH~a×AB₂|	o0901328	1962
U+129C7	|MAH~a×GUKKAL~a|	o0901330	1963
U+129C8	|MAH~a×KU₆~a|	o0901332	1964
U+129C9	|MAH~a×MAŠ|	o0901335	1965
U+129CA	|MAH~a×NA~a|	o0901338	1966
U+129CB	|MAH~a×(SILA₃~a×UMBIN~a)|	o0901343	1967
U+129CC	|MAH~a×TUG₂~a|	o0901345	1968
U+F3040	|MAH~a×TUN₃~c|	o0901347	1969
U+129CD	|MAH~a×UD₅~a~v1|	o0901349	1971
U+129CE	|MAH~a×UDU~a|	o0901351	1972
U+129CF	|MAH~a×UR~a|	o0901353	1973
U+129D0	|MAH~a×UTUA~a|	o0901355	1974
U+129D2	|MAH~a×ZATU659|	o0901359	1976
U+129D3	MAH~b	o0901326	1977
U+129D4	|MAH~b×KU₆~a|	o0901333	1978
U+129D5	|MAH~b×MAŠ|	o0901336	1979
U+129D6	|MAH~b×NA~a|	o0901339	1980
U+129D7	|MAH~b×SAL|	o0901341	1981
U+129D8	MAR~a	o0901361	1987
U+129D9	MAR~a@t	o0901375	1989
U+129DB	MAR~b	o0901363	1990
U+129DC	|MAR~b×(LAGAB~b.ŠE₃~v1)|	o0901367	1993
U+129DD	|MAR~b×ŠE~a|	o0901369	1994
U+F301C	MAR@g~a	o0901373	1997
U+129DF	MAŠ	o0901376	1999
U+129E0	MAŠ₂	o0901377	2000
U+129E1	MAŠ₂@g	o0901378	2001
U+129E2	ME~a	o0901380	2004
U+129E3	ME~b	o0901381	2005
U+129E4	ME₃	o0901382	2006
U+129E5	MEN~a	o0901384	2008
U+129E7	MEN~b	o0901386	2010
U+129E8	MES	o0901387	2011
U+129EA	MIR~a	o0901390	2015
U+129EB	MIR~b	o0901391	2016
U+129EC	MU	o0901392	2017
U+129ED	MUD	o0901393	2018
U+129EF	MUD₃~a	o0901396	2021
U+129F0	MUD₃~a@g	o0901401	2022
U+129F1	MUD₃~b	o0901397	2023
U+129F2	MUD₃~c	o0901398	2024
U+129F3	MUD₃~d	o0901399	2025
U+129F4	MUL	o0901404	2027
U+129F5	MUN~a1	o0901407	2029
U+129F6	MUN~a2	o0901408	2030
U+129F7	MUN~a3	o0901409	2031
U+129F8	MUN~a4	o0901410	2032
U+129F9	MUN~b	o0901411	2033
U+129FA	MUNŠUB~a	o0901413	2035
U+129FB	MUNŠUB~b	o0901414	2036
U+129FC	MUNU₃	o0901415	2037
U+129FD	MURUB₂	o0901416	2038
U+129FE	MUŠ	o0901417	2039
U+129FF	MUŠ₃~a	o0901419	2041
U+12A00	MUŠ₃~a@g	o0901424	2044
U+12A04	MUŠ₃~b	o0901422	2046
U+12A05	MUŠEN	o0901426	2048
U+12A08	|MUŠEN×1(N57)|	o0901430	2056
U+12A09	|MUŠEN×2(N57)|	o0901431	2057
U+12A0A	|MUŠEN×3(N57)|	o0901432	2058
U+12A0B	NA~a	o0901437	2133
U+12A0C	NA~b	o0901438	2134
U+12A0D	NA~c	o0901439	2135
U+12A0E	NA~d	o0901440	2136
U+12A0F	NA₂~a	o0901442	2138
U+12A11	NA₂~b1	o0901444	2142
U+12A12	NA₂~b2	o0901445	2143
U+F3074	NA₂~c	o0901446	2144
U+12A13	NAB	o0901448	2146
U+12A16	NAGA~a	o0901452	2151
U+12A17	|NAGA~a×TAK₄~a|	o0901455	2152
U+12A18	NAGA~b	o0901453	2153
U+12A19	NAGAR~a	o0901457	2155
U+12A1D	NAGAR~b	o0901461	2159
U+12A1F	NAM~a	o0901464	2162
U+12A20	NAM~b	o0901465	2163
U+12A21	NAM~c	o0901466	2164
U+12A22	NAM~d	o0901467	2165
U+12A23	NAM₂	o0901468	2166
U+12A24	|NAM₂×1(N01)|	o0901469	2167
U+12A25	NAM₂@g	o0901470	2169
U+12A26	NAM₂@t	o0901471	2170
U+12A27	NAMEŠDA	o0901472	2171
U+12A29	NANNA~a	o0901475	2174
U+12A2B	NANNA~b	o0901477	2176
U+12A2C	NANŠE~a	o0901479	2178
U+12A2D	NANŠE~b	o0901480	2179
U+12A2E	NAR	o0901481	2180
U+12A2F	NE~a	o0901483	2182
U+12A32	NE~b	o0901486	2185
U+12A33	NE~c	o0901487	2186
U+12A34	NE~d	o0901488	2187
U+12A35	NERGAL~v	o0901491	2190
U+12A36	NESAG₂~a	o0901493	2192
U+12A37	NESAG₂~b	o0901496	2194
U+12A38	NESAG₂~b@t	o0901499	2196
U+12A3A	NI~a	o0901501	2203
U+12A3C	|NI~a×1(N57)|	o0901506	2206
U+12A3D	NI~a@g	o0901512	2207
U+12A3E	NI~b	o0901502	2208
U+12A40	|NI~b×4(N57)|	o0901508	2210
U+12A41	NI₂	o0901513	2212
U+12A42	NIGIN	o0901514	2213
U+12A43	NIM~a	o0901516	2215
U+12A44	NIM~b1	o0901517	2216
U+12A45	NIM~b2	o0901518	2217
U+12A46	NIM~b3	o0901519	2218
U+12A47	NIMGIR	o0901521	2220
U+12A49	NIN	o0901524	2222
U+12A4A	NINDA₂	o0901525	2223
U+12A4B	|NINDA₂×AN|	o0901527	2227
U+12A4C	|NINDA₂×(AN.HI)|	o0901528	2228
U+12A4D	|NINDA₂×(AN.ME~a)|	o0901535	2230
U+12A4F	|NINDA₂×BA|	o0901538	2232
U+12A50	|NINDA₂×EZEN~b|	o0901540	2234
U+12A51	|NINDA₂×GAʾAR~a1|	o0901542	2236
U+12A52	|NINDA₂×GAR|	o0901543	2237
U+12A53	|NINDA₂×GIŠ|	o0901544	2238
U+12A54	|NINDA₂×GU₄|	o0901547	2239
U+12A55	|NINDA₂×HI|	o0901548	2244
U+12A56	|NINDA₂×(HI.AN.ME~a)|	o0901533	2246
U+12A57	|NINDA₂×(HI.ME~a)|	o0901530	2248
U+12A59	|NINDA₂×(HI~a1.AN.ME~a)|	o0901532	2251
U+12A5A	|NINDA₂×(HI~a1.ME~a)|	o0901531	2252
U+12A5B	|NINDA₂×KAŠ~b|	o0901553	2256
U+F3041	|NINDA₂×MAR~a|	o0901555	2258
U+12A5C	|NINDA₂×MAR~b|	o0901556	2259
U+F3042	|NINDA₂×NUN~a|	o0901564	2261
U+12A5D	|NINDA₂×U₄|	o0901567	2262
U+12A5F	|NINDA₂×(UDU~a×TAR~a)|	o0901570	2268
U+12A60	|NINDA₂×(UDU~a×TAR~b)|	o0901571	2269
U+12A62	|NINDA₂×(ZATU659×1(N01))|	o0901575	2271
U+F3043	|NINDA₂×ZATU710|	o0901576	2272
U+12A63	|NINDA₂×1(N01)|	o0901557	2273
U+12A64	|NINDA₂×2(N01)|	o0901558	2274
U+12A65	|NINDA₂×(1(N06).HI@g~a)|	o0901551	2275
U+12A66	|NINDA₂×1(N08)|	o0901560	2276
U+12A68	NINKUM	o0901577	2278
U+12A69	NINLIL	o0901578	2279
U+12A6A	NIR~a	o0901580	2282
U+12A6B	|NIR~a×AN|	o0901583	2283
U+12A6C	NIR~b	o0901581	2284
U+12A6D	NU	o0901584	2286
U+12A6E	NU@g	o0901585	2287
U+12A6F	NU₁₁	o0901586	2288
U+12A70	|NU₁₁&NU₁₁|	o0901587	2290
U+12A71	NU₁₁@t	o0901588	2291
U+12A72	NUMUN	o0901589	2292
U+12A73	NUMUN₂	o0901590	2293
U+12A74	NUN~a	o0901592	2299
U+12A75	|NUN~a+A|	o0901603	2300
U+12A76	|NUN~a+EN~a~v2|	o0901606	2302
U+12A77	|NUN~a+EN~b~v1|	o0901607	2304
U+12A78	|NUN~a+EN~d|	o0901608	2305
U+12A79	|NUN~a+NAM₂|	o0901611	2306
U+12A7A	NUN~b	o0901593	2307
U+12A7B	|NUN~b+EN~a|	o0901609	2309
U+12A7C	NUN~c	o0901594	2311
U+12A80	NUN~d	o0901598	2315
U+12A81	NUNUZ~a0	o0901613	2317
U+12A82	NUNUZ~a1	o0901614	2318
U+12A83	NUNUZ~a1@t	o0901623	2320
U+12A84	NUNUZ~a2	o0901615	2321
U+12A85	NUNUZ~b1	o0901616	2322
U+12A86	NUNUZ~b2	o0901617	2323
U+12A87	NUNUZ~c	o0901618	2324
U+12A8B	PA~a	o0901625	2330
U+12A8E	PA~b	o0901628	2333
U+12A8F	PAD~a	o0901636	2335
U+12A90	PAD~b	o0901637	2336
U+12A91	PAP~a	o0901639	2338
U+12A92	PAP~a@t	o0901643	2339
U+12A93	PAP~b	o0901640	2340
U+12A95	PIRIG~a1	o0901645	2348
U+12A96	PIRIG~a2	o0901646	2349
U+12A97	PIRIG~a3	o0901647	2350
U+12A98	PIRIG~b1	o0901648	2351
U+F3018	|PIRIG~b1+DIN|	o0901655	2352
U+12A99	|PIRIG~b1×UR₂|	o0901653	2354
U+F3044	|PIRIG~b1×1(N58@t)|	o0901651	2355
U+12A9A	PIRIG~b2	o0901649	2356
U+12A9B	PU₂	o0901656	2357
U+12A9C	RA	o0901657	2358
U+12A9D	RAD~a	o0901659	2360
U+12A9E	RAD~a@g	o0901662	2361
U+12A9F	RAD~a@t	o0901664	2362
U+12AA0	RAD~b	o0901660	2363
U+12AA1	RI₈~a	o0901668	2367
U+12AA2	RI₈~b	o0901669	2368
U+12AA3	RU	o0901670	2369
U+12AA4	RU@t	o0901672	2372
U+12AA6	SA~a	o0901674	2374
U+12AA7	SA~c	o0901675	2375
U+12AA9	SAG	o0901677	2377
U+F3011	|SAG+UKKIN~b~v1×1(N57)|	o0901693	2381
U+12AAA	|SAG×GEŠTU~a|	o0901681	2384
U+12AAF	|SAG~v1×GEŠTU~c|	o0901684	2393
U+12AB0	|SAG~v1×MA~v1|	o0901687	2394
U+12AB1	|SAG~v1×1(N14)|	o0901688	2395
U+12AB3	|SAG~v2×GEŠTU~b|	o0901683	2397
U+12AAB	SAG@g	o0901694	2398
U+12AAC	SAG@n	o0901695	2399
U+12AAD	|SAG@n×GEŠTU~b|	o0901682	2400
U+12AB4	SAGŠU	o0901696	2401
U+12AB5	SAL	o0901697	2402
x12AB5.xF300F	|SAL.HI×HI|	o0901705	2403
x12AB5.x12D75	|SAL.ZATU751~a|	o0901707	2412
U+12AB9	|SAL×1(N58)|	o0901704	2414
U+12ABA	SANGA~a	o0901709	2416
U+12ABD	SANGA~b	o0901712	2419
U+12ABF	SANGA~c	o0901714	2421
U+F3064	SANGA~e1	o0901715	2423
U+12AC0	SAR~a	o0901718	2428
U+12AC1	|SAR~a×ŠE~a|	o0901723	2429
U+12AC2	SAR~b	o0901719	2430
U+12AC3	SAR~c	o0901720	2431
U+F3046	SAR~d	o0901721	2432
U+12AC4	SI	o0901724	2433
U+F300C	|SI+AN|	o0901737	2434
U+F3048	|SI×EN~a|	o0901728	2436
U+12AC5	|SI×GU₄|	o0901729	2437
U+F3049	|SI×KU~b1|	o0901731	2439
U+F304B	|SI×SAL|	o0901733	2440
U+12AC6	|SI×ŠE₃~v1|	o0901734	2442
U+F304C	|SI×TUN₃~a|	o0901736	2444
U+F3047	|SI×1(N58)|	o0901732	2445
U+12AC8	SI₄~a	o0901739	2448
U+12AC9	SI₄~b	o0901740	2449
U+12ACA	SI₄~c	o0901741	2450
U+12ACB	SI₄~d	o0901742	2451
U+12ACD	SI₄~f	o0901744	2453
U+12ACF	SIG	o0901746	2455
U+12AD0	SIG@g	o0901749	2458
U+12AD1	SIG₂~a1	o0901751	2463
U+12AD2	SIG₂~a2	o0901752	2464
U+12AD3	SIG₂~a3	o0901753	2465
U+12AD6	SIG₂~a4	o0901756	2468
U+12AD7	SIG₂~b	o0901757	2469
U+12AD8	|SIG₂~b×1(N14)|	o0901767	2471
U+12AD9	|SIG₂~b&SIG₂~b|	o0901769	2472
U+12ADA	SIG₂~c1	o0901758	2473
U+12ADB	SIG₂~c2	o0901759	2474
U+12ADC	SIG₂~d1	o0901760	2475
U+12ADD	SIG₂~d2	o0901761	2476
U+12ADF	SIG₂~d3	o0901763	2478
U+12AE0	SIG₂~d4	o0901764	2479
U+12AE1	SIG₂~e	o0901765	2480
U+12AE2	SIG₄	o0901770	2481
U+12AE3	SIG₇	o0901771	2482
U+12AE5	SILA₃~a	o0901775	2519
U+12AE6	|SILA₃~a×A|	o0901781	2527
U+12AE7	|SILA₃~a×AMAR|	o0901783	2528
U+12AE9	|SILA₃~a×GA~a~v3|	o0901790	2532
U+12AEA	|SILA₃~a×GARA₂~a|	o0901792	2533
U+12AEB	|SILA₃~a×GEŠTU~a~v2|	o0901794	2535
U+12AEC	|SILA₃~a×GEŠTU~c3|	o0901795	2536
U+12AED	|SILA₃~a×GEŠTU~c5|	o0901796	2537
U+12AEE	|SILA₃~a×HAŠHUR|	o0901800	2538
U+12AEF	|SILA₃~a×HI|	o0901802	2539
U+12AF0	|SILA₃~a×HI@g~a|	o0901804	2540
U+12AF1	|SILA₃~a×IB~a|	o0901806	2541
U+12AF2	|SILA₃~a×KAŠ~a|	o0901808	2542
U+12AF3	|SILA₃~a×KAŠ~c|	o0901809	2543
U+12AF4	|SILA₃~a×KAŠ~d|	o0901810	2544
U+12AF5	|SILA₃~a×KU₆~a|	o0901812	2545
U+12AF6	|SILA₃~a×KUR~a|	o0901814	2546
U+12AF7	|SILA₃~a×MA~v1|	o0901816	2548
U+12AF8	|SILA₃~a×MAŠ|	o0901818	2549
U+F304A	|SILA₃~a×MUD₃~b|	o0901820	2550
U+12AF9	|SILA₃~a×NAGA~a|	o0901826	2551
U+12AFA	|SILA₃~a×NI~a|	o0901829	2552
U+12AFB	|SILA₃~a×NUN~b|	o0901834	2553
U+12AFC	|SILA₃~a×SUHUR|	o0901836	2554
U+12AFD	|SILA₃~a×SUM~a~v1|	o0901838	2556
U+12AFE	|SILA₃~a×SUM~b|	o0901839	2557
U+12AFF	|SILA₃~a×ŠE~a|	o0901841	2558
U+12B00	|SILA₃~a×ŠE~a@t|	o0901843	2559
U+12B01	|SILA₃~a×ŠU|	o0901845	2560
U+12B02	|SILA₃~a×ŠU₂~b|	o0901848	2562
U+12B04	|SILA₃~a×ZATU629~v1|	o0901852	2566
U+12B05	|SILA₃~a×ZATU646|	o0901854	2567
U+12B06	|SILA₃~a×(ZATU659.TU~c~v1)|	o0901856	2569
U+12B07	|SILA₃~a×1(N57)|	o0901822	2570
U+12B08	|SILA₃~a×1(N58)|	o0901824	2571
U+12B0A	SILA₃~b	o0901776	2574
U+12B0B	|SILA₃~b×GUG₂|	o0901798	2575
U+12B0C	|SILA₃~b×NAGA~b|	o0901827	2576
U+12B0D	|SILA₃~b×NI~b|	o0901831	2578
U+12B0E	SILA₃~c	o0901777	2579
U+12B0F	|SILA₃~c×NI~a|	o0901830	2580
U+12B10	|SILA₃~c×ŠU|	o0901846	2581
U+12B11	|SILA₃~c×ZATU687|	o0901858	2582
U+12B12	|SILA₃~d×NI~a|	o0901832	2584
U+12B13	SILA₄~a	o0901860	2586
U+12B14	SILA₄~b	o0901861	2587
U+12B15	SILA₄~c	o0901862	2588
U+12B16	SILA₄~d	o0901864	2590
U+12B17	SILANITA	o0901865	2591
U+12B18	SIMUG	o0901866	2593
U+12B1A	SIPA	o0901868	2595
U+12B1B	SU~a	o0901870	2598
U+12B1C	|SU~a×1(N58)|	o0901875	2600
U+12B1E	SU~b	o0901872	2602
U+F3079	SU~c	o0901873	2603
U+12B1F	SU₃	o0901876	2604
U+12B20	SUG	o0901878	2605
U+12B21	SUG₅	o0901879	2606
U+12B22	SUH₃	o0901880	2608
U+12B23	SUHUR	o0901881	2609
U+12B24	SUHUR@g	o0901883	2614
U+12B25	SUHUR@n	o0901884	2615
U+12B26	SUKKAL	o0901887	2617
U+12B27	SUKUD	o0901888	2619
U+12B28	|(SUKUD+SUKUD)~a|	o0901890	2622
U+12B29	|(SUKUD+SUKUD)~b|	o0901891	2624
U+12B2A	|(SUKUD+SUKUD)~d|	o0901893	2625
U+12B2B	SUKUD@g~a	o0901895	2630
U+12B2C	SUKUD@g~b	o0901896	2631
U+12B2E	SUKUD@g~c	o0901898	2633
U+12B2F	SUKUD@g~d	o0901899	2634
U+12B30	SUM~a	o0901902	2637
U+12B31	SUM~a@t	o0901906	2639
U+12B33	SUM~b	o0901904	2640
U+12B34	SUMAŠ	o0901907	2642
U+12B35	SUR	o0901908	2643
U+12B36	SUSA	o0901909	2644
U+12B37	ŠA	o0901910	2645
U+12B38	|(ŠA×HI@g~a)~a|	o0901914	2648
U+12B39	|(ŠA×HI@g~a)~b|	o0901915	2649
U+12B3A	ŠA@g	o0901916	2652
U+12B3D	ŠA₃~a1	o0901918	2655
U+12B3E	ŠA₃~a2	o0901919	2656
U+F3045	ŠA₃~a2@g	o0901924	2657
U+12B3F	ŠA₃~b	o0901920	2658
U+12B40	ŠA₃~c	o0901921	2660
U+12B41	ŠA₃~d	o0901922	2661
U+12B42	ŠAB~a	o0901926	2664
U+12B44	ŠAB~b	o0901928	2666
U+12B46	ŠAGAN	o0901930	2668
U+12B48	ŠAGINA	o0901932	2670
U+12B49	ŠAH₂~a	o0901934	2672
U+12B4A	ŠAH₂~b	o0901935	2674
U+12B4B	ŠAH₂~c	o0901936	2675
U+12B4C	ŠAKIR~a	o0901938	2677
U+12B4D	ŠAKIR~b	o0901939	2678
U+12B4E	ŠAKIR~c	o0901940	2679
U+12B4F	ŠAM₂	o0901941	2680
U+12B50	ŠANDANA~a	o0901943	2682
U+12B51	ŠANDANA~b	o0901944	2683
U+12B52	ŠE~a	o0901946	2689
U+12B56	|ŠE~a&ŠE~a|	o0901959	2701
U+12B57	ŠE~a@t	o0901961	2702
U+12B58	ŠE~b	o0901947	2706
U+12B59	ŠE~c	o0901948	2707
U+12B5A	ŠE₃	o0901962	2709
U+12B5B	ŠE₃@t	o0901964	2711
U+12B5E	ŠEG₉	o0901966	2713
U+12B5F	ŠELU	o0901967	2714
U+12B60	ŠEN~a	o0901969	2717
U+12B62	ŠEN~b	o0901971	2719
U+12B64	ŠEN~c	o0901973	2721
U+12B65	ŠEN~c@t	o0901981	2722
U+12B66	ŠEN~d	o0901974	2723
U+12B67	|ŠEN~d×A|	o0901979	2724
U+12B6A	ŠEN~e	o0901977	2727
U+12B6B	ŠENNUR~a	o0901983	2730
U+12B6C	ŠENNUR~b	o0901984	2731
U+12B6D	ŠEŠ~a	o0901986	2733
U+12B6F	ŠEŠ~b	o0901988	2735
U+12B70	ŠIDIM	o0901990	2736
U+12B71	ŠIDIM@t	o0901991	2737
U+12B72	ŠIM~a	o0901993	2739
U+12B75	ŠIM~b	o0901996	2742
U+12B76	ŠIR~a	o0901998	2744
U+12B78	ŠIR~b	o0902000	2746
U+12B7B	ŠITA~a1	o0902004	2758
U+12B7C	|ŠITA~a1×KAK~a|	o0902014	2759
U+12B7D	|ŠITA~a1×ŠU|	o0902020	2760
U+12B7E	|ŠITA~a1×ŠU₂~b|	o0902022	2762
U+12B7F	|ŠITA~a1×UDU~a|	o0902024	2763
U+12B80	|ŠITA~a1×1(N06)|	o0902016	2764
U+12B81	ŠITA~a1@g	o0902026	2765
U+12B82	ŠITA~a2	o0902005	2766
U+12B83	ŠITA~a3	o0902006	2767
U+12B84	ŠITA~b1	o0902007	2769
U+12B85	ŠITA~b1@g	o0903420	2771
U+12B86	ŠITA~b2	o0902008	2773
U+12B87	|ŠITA~b2@g×HI@g~a|	o0902012	2775
U+12B88	ŠITA~b3	o0902009	2776
U+12B89	|ŠITA~b3×NAM₂|	o0902018	2777
U+12B8A	ŠITA~b3@g	o0902028	2778
U+12B8B	|ŠITA~b3@g×1(N04)|	o0902030	2779
U+12B8C	|ŠITA~b3@g×1(N06)|	o0902032	2780
U+12B8D	ŠU	o0902033	2789
U+12B8E	|ŠU×1(N58)|	o0902034	2790
U+12B8F	|ŠU&ŠU|	o0902035	2791
U+12B90	ŠU@g	o0902036	2792
U+F3013	|ŠU₂×1(N24)|	o0902057	2813
U+12B91	ŠU₂~a	o0902039	2815
U+12B98	ŠU₂~b	o0902040	2825
U+12B9D	ŠU₁₂	o0902059	2832
U+12B9E	ŠUBUR	o0902060	2833
U+12B9F	ŠUM	o0902061	2835
U+F3017	|ŠUR₂×1(N58)|	o0902066	2837
U+12BA0	ŠUR₂~a	o0902063	2838
U+12BA1	ŠUR₂~b	o0902064	2839
U+12BA2	ŠURUPPAK~a	o0902068	2842
U+12BA4	ŠURUPPAK~b	o0902070	2844
U+12BA6	TA~a	o0902074	2848
U+12BA7	TA~b	o0902075	2849
U+12BA8	TA~c	o0902076	2850
U+12BA9	TA~d	o0902077	2851
U+12BAA	|TA~d×MAŠ|	o0902081	2852
U+12BAB	TA~e	o0902078	2853
U+12BAC	TAG~a1	o0902083	2855
U+12BAD	TAG~a1@t	o0902092	2856
U+12BAE	TAG~a2	o0902084	2857
U+12BAF	TAG~a3	o0902085	2858
U+12BB0	TAG~a4	o0902086	2859
U+12BB1	TAG~b	o0902087	2860
U+12BB2	TAG~c	o0902088	2861
U+12BB3	TAG~d	o0902089	2862
U+12BB4	TAK₄~a	o0902094	2866
U+12BB5	TAK₄~a@n	o0902098	2868
U+12BB7	TAK₄~c	o0902096	2869
U+12BB8	TAR~a	o0902100	2872
U+12BB9	TE	o0902102	2875
U+12BBA	TI	o0902103	2877
U+12BBB	TI@g	o0902105	2880
U+12BBC	TI@r	o0902106	2881
U+12BBD	TI@t	o0902107	2882
U+12BBF	TIDNUM	o0902108	2883
U+12BC0	TILLA₂	o0902109	2884
U+12BC1	TU~a	o0902111	2886
U+12BC2	TU~b	o0902112	2887
U+12BC3	TU~c	o0902114	2889
U+12BC4	TUG₂~a	o0902116	2893
U+12BC6	TUG₂~a@g	o0902123	2896
U+12BC8	TUG₂~b	o0902117	2899
U+12BC9	TUG₂~c	o0902118	2900
U+12BCA	TUG₂~d	o0902119	2901
U+12BCB	TUM~a	o0902128	2908
U+12BCC	TUM~a@g	o0902133	2909
U+12BCD	TUM~b	o0902129	2910
U+12BCE	TUM~c	o0902130	2911
U+12BCF	TUM~d	o0902131	2912
U+12BD0	TUN₃~a	o0902136	2916
U+12BD1	TUN₃~b	o0902137	2917
U+12BD2	TUN₃~c	o0902138	2918
U+12BD3	TUR	o0902139	2919
U+12BD4	TUR@g	o0902144	2923
U+12BD8	TUR₃~a	o0902146	2926
U+12BD9	TUR₃~a@n	o0902154	2928
U+12BDA	TUR₃~b	o0902147	2929
U+12BDB	TUR₃~c	o0902148	2930
U+12BDC	U₂~a	o0902156	2933
U+12BDD	U₂~b	o0902157	2934
U+12BE0	U₂~c	o0902160	2937
U+12BE1	U₄	o0902161	2938
U+F3006	|U₄+1(N24)|	o0902219	2964
U+12BF3	|U₄×1(N01)|	o0902178	2968
U+F3007	|U₄×(1(N01).1(N24))|	o0902180	2970
U+12BF5	|U₄×2(N01)|	o0902182	2972
U+12BF9	|U₄×3(N01)|	o0902186	2977
U+12BFB	|U₄×4(N01)|	o0902188	2980
U+12BFD	|U₄×5(N01)|	o0902190	2982
U+12BFF	|U₄×6(N01)|	o0902192	2984
U+12C00	|U₄×8(N01)|	o0902193	2985
U+12C02	|U₄×N(N01)|	o0902195	2987
U+12C03	|U₄×1(N14)|	o0902196	2988
U+F3008	|U₄×(1(N14).1(N01))|	o0902197	2989
U+12C04	|U₄×(1(N14).2(N01))|	o0902198	2990
U+12C05	|U₄×(1(N14).4(N01))|	o0902200	2994
U+12C06	|U₄×(1(N14).8(N01))|	o0902201	2995
U+12C07	|U₄×2(N14)|	o0902202	2996
U+12C08	|U₄×(2(N14).4(N01))|	o0902203	2997
U+12C09	|U₄×(3(N14).2(N01))|	o0902204	2998
U+12C0A	|U₄×(3(N14).7(N01))|	o0902205	2999
U+12C0B	|U₄×1(N57)|	o0902206	3000
U+12C0C	|U₄×2(N57)|	o0902207	3001
U+12C0D	|U₄×3(N57)|	o0902208	3002
U+12C0E	|U₄×4(N57)|	o0902209	3003
U+12C0F	|U₄×5(N57)|	o0902210	3004
U+12C10	|U₄×6(N57)|	o0902211	3005
U+12C11	|U₄×7(N57)|	o0902212	3006
U+12C12	|U₄×8(N57)|	o0902213	3007
U+12C13	|U₄×10(N57)|	o0902214	3008
U+12C14	|U₄×1(N58@t)|	o0902215	3010
U+12C15	U₄@t	o0902226	3011
U+12C16	U₈	o0902220	3012
U+12C17	|U₈×TAR~b|	o0902225	3015
U+12C1B	UB	o0902227	7976
U+12C1C	UBI~a	o0902229	7978
U+12C1D	UBI~c	o0902230	7979
U+F304E	UBI~d	o0902232	7981
U+12C1F	UD₅~a	o0902234	7983
U+12C20	UD₅~a@g	o0902241	7986
U+12C23	UD₅~b	o0902237	7987
U+12C24	UD₅~c	o0902238	7988
U+12C25	UDU~a	o0902243	7992
U+12C26	|UDU~a×TAR~a|	o0902247	7995
U+12C27	|UDU~a×TAR~b|	o0902248	7996
U+12C28	UDU~b	o0902244	7997
U+12C29	UDU~c	o0902245	7998
U+12C2A	UDUNITA~a	o0902250	8002
U+12C2B	UDUNITA~b	o0902251	8003
U+12C2C	UDUNITA~c	o0902252	8004
U+F307C	UDUNITA~d	o0902253	8005
U+12C2D	UH	o0902254	8006
U+12C2E	UH₃~a	o0902256	8008
U+12C2F	UH₃~a@t	o0902259	8009
U+12C30	UH₃~b	o0902257	8010
U+12C31	UKKIN~a	o0902261	8022
U+12C33	UKKIN~b	o0902263	8024
U+12C34	|UKKIN~b×DIN|	o0902268	8025
U+12C35	|UKKIN~b×(DIN.1(N01))|	o0902270	8026
U+12C36	|UKKIN~b×HI@g~a|	o0902274	8027
U+12C37	|UKKIN~b×NI~a|	o0902282	8028
U+12C39	|UKKIN~b×2(N01)|	o0902276	8030
U+12C3A	|UKKIN~b×3(N01)|	o0902278	8031
U+12C3B	|UKKIN~b×5(N01)|	o0902280	8032
U+12C3D	UKKIN~c	o0902265	8035
U+12C3E	UMBIN~a	o0902286	8038
U+12C3F	UMBIN~b1	o0902287	8039
U+12C40	UMBIN~b2	o0902288	8040
U+12C41	UMBIN~c	o0902289	8041
U+12C42	UMUN₂	o0902290	8042
U+12C44	UNUG~a	o0902293	8046
U+12C47	|UNUG~a~v1×A@t|	o0902298	8049
U+12C45	UNUG~a@s	o0902300	8050
U+12C48	UNUG~b	o0902295	8051
U+12C49	UNUG~c	o0902296	8052
U+12C4A	UR~a	o0902302	8056
U+12C4B	|UR~a×KAR₂~b|	o0902306	8058
U+12C4C	UR~a@g	o0902308	8059
U+12C4D	UR~b	o0902303	8060
U+12C4E	UR~c	o0902304	8061
U+12C4F	UR₂	o0902309	8063
U+12C50	|UR₂×TAR~c|	o0902311	8066
U+12C51	|UR₂×1(N57)|	o0902310	8067
U+12C52	UR₃~a1	o0902313	8070
U+12C54	UR₃~a2	o0902315	8072
U+12C55	UR₃~a3	o0902316	8073
U+12C56	UR₃~b1	o0902317	8074
U+12C57	|UR₃~b1×MAŠ|	o0902321	8075
U+12C58	UR₃~b2	o0902318	8076
U+12C59	UR₄~a	o0902323	8079
U+12C5A	UR₄~b	o0902324	8080
U+12C5B	UR₄~c	o0902325	8081
U+12C5C	UR₅~a	o0902327	8083
U+12C5D	UR₅~b	o0902328	8084
U+12C5E	URI	o0902329	8085
U+12C5F	URI₃~a	o0902332	8087
U+12C61	URI₃~b	o0902334	8089
U+12C62	URI₅	o0902337	8090
U+12C63	URU~a1	o0902339	8104
U+12C64	|URU~a1×AMAR~v2|	o0902347	8107
U+12C65	|URU~a1×GU₄|	o0902349	8108
U+12C66	|URU~a1×HI@g~a|	o0902351	8109
U+F301B	|URU~a1×KI|	o0902355	8110
U+12C67	|URU~a1×NIMGIR|	o0902365	8111
U+12C68	|URU~a1×U₄|	o0902367	8112
U+12C6A	|URU~a1×1(N57)|	o0902357	8114
U+12C6B	|URU~a1×2(N57)|	o0902359	8115
U+F304F	|URU~a1×3(N57)|	o0902361	8116
U+12C6C	URU~a1@n	o0902371	8117
U+12C6D	URU~a2	o0902340	8118
U+12C6E	|URU~a2×1(N58)|	o0902363	8119
U+12C6F	|URU~a3×KALAM~a|	o0902353	8121
U+12C70	URU~b1	o0902341	8122
U+12C71	URU~b2	o0902342	8123
U+12C72	URU~c	o0902343	8124
U+12C73	URUDU~a	o0902373	8127
U+12C76	URUDU~c	o0902376	8130
U+12C77	URUDU~d	o0902377	8131
U+12C78	URUDU@g~a	o0902379	8133
U+12C79	URUDU@g~b	o0902380	8134
U+12C7A	URUDU@g~c	o0902381	8135
U+12C7B	URUDU@g~d	o0902382	8136
U+12C7C	UŠ~a	o0902384	8140
U+12C7D	|UŠ~a&UŠ~a|	o0902392	8141
U+12C7E	UŠ~b	o0902385	8142
U+12C7F	|UŠ~b×TAR~c|	o0902388	8143
U+12C80	|UŠ~b&UŠ~b|	o0902393	8145
U+12C83	UŠUMGAL	o0902394	8149
U+12C84	UŠUR₃~b1	o0902397	8151
U+12C85	UŠUR₃~b2	o0902398	8152
U+12C86	UTUA~a	o0902400	8154
U+12C87	UTUA~a@t	o0902404	8155
U+12C88	UTUA~b	o0902401	8156
U+12C8A	UTUL~a	o0902406	8160
U+12C8B	UTUL~b	o0902407	8161
U+12C8C	UTUL~c	o0902408	8162
U+12C8D	UTUL~d	o0902409	8163
U+12C8E	UZ~a	o0902411	8165
U+12C8F	UZU	o0902412	8166
U+12C90	ZA~v	o0902416	8173
U+12C91	ZABALAM~a	o0902418	8176
U+12C92	ZABALAM~b	o0902419	8177
U+12C93	ZAG~a	o0902422	8179
U+12C95	ZAG~b	o0902424	8181
U+12C96	ZAG~c	o0902425	8182
U+12C97	ZAR~a	o0902427	8184
U+12C98	ZAR~b1	o0902428	8185
U+12C99	ZAR~b2	o0902429	8186
U+12C9A	ZAR~c	o0902430	8187
U+12C9B	ZATU620	o0902431	8823
U+12C9C	ZATU621~a	o0902433	8825
U+12C9D	ZATU621~b	o0902434	8826
U+12C9E	ZATU621~c	o0902435	8827
U+12C9F	ZATU621~d	o0902436	8828
U+12CA0	ZATU622	o0902437	8829
U+12CA1	ZATU623	o0902438	8830
U+12CA4	ZATU624~a	o0902442	8834
U+12CA5	ZATU624~b	o0902443	8835
U+12CA6	ZATU624~c	o0902444	8836
U+12CA7	ZATU625	o0902445	8837
U+12CA9	ZATU626~a	o0902448	8840
U+12CAA	ZATU626~b	o0902449	8841
U+12CAB	ZATU626~c	o0902450	8842
U+12CAC	ZATU627	o0902451	8843
U+12CAD	ZATU628~a	o0902453	8845
U+12CAF	ZATU628~b	o0902455	8847
U+12CB0	ZATU629	o0902456	8848
U+12CB2	ZATU630	o0902458	8850
U+12CB3	ZATU631	o0902459	8851
U+12CB4	ZATU632~a	o0902461	8853
U+12CB6	ZATU632~b	o0902463	8855
U+12CB7	ZATU632~c	o0902464	8856
U+12CB8	ZATU633~a	o0902466	8858
U+12CB9	ZATU633~b	o0902467	8859
U+12CBA	ZATU634	o0902468	8860
U+12CBB	ZATU635	o0902469	8861
U+12CBC	ZATU636	o0902470	8862
U+12CBE	ZATU637	o0902472	8864
U+12CBF	ZATU639	o0902473	8866
U+12CC0	ZATU640	o0902474	8867
U+12CC1	ZATU641	o0902475	8868
U+12CC2	ZATU642	o0902476	8869
U+12CC3	ZATU643	o0902477	8870
U+12CC4	ZATU644~a	o0902479	8873
U+12CC5	|ZATU644~a×1(N14)|	o0902482	8874
U+12CC6	ZATU644~b	o0902480	8875
U+12CC7	ZATU646	o0902483	8877
U+12CC8	ZATU647	o0902484	8878
U+12CCA	ZATU648	o0902486	8880
U+12CCB	ZATU649	o0902487	8881
U+12CCD	ZATU650	o0902489	8883
U+12CCE	ZATU651	o0902490	8884
U+12CCF	|ZATU651×AN|	o0902493	8885
U+12CD0	|ZATU651×EN~a~v2|	o0902495	8888
U+12CD1	|ZATU651×GAR|	o0902496	8889
U+12CD2	|ZATU651×MA|	o0902497	8890
U+12CD3	|ZATU651×NUN~a|	o0902499	8892
U+12CD5	|ZATU651×ZAR~c|	o0902504	8897
U+12CD9	|ZATU651~v2×ŠE~a|	o0902501	8900
U+12CD6	ZATU651@g	o0902505	8901
U+12CDA	ZATU659	o0902506	8909
U+12CDB	|ZATU659×1(N01)|	o0902507	8910
U+12CDC	|ZATU659×1(N14)|	o0902508	8911
U+12CDD	|ZATU659×1(N58@t)|	o0902509	8913
U+12CDE	ZATU662	o0902511	8917
U+12CDF	|ZATU662×1(N14)|	o0902515	8919
U+12CE5	ZATU664	o0902518	8928
U+12CE6	ZATU665	o0902519	8929
U+12CE7	ZATU666	o0902520	8930
U+12CE8	ZATU667	o0902521	8931
U+12CE9	ZATU668	o0902522	8932
U+12CEA	ZATU669	o0902523	8933
U+12CEB	ZATU670	o0902524	8934
U+12CEC	ZATU672	o0902525	8936
U+12CED	ZATU674	o0902526	8938
U+12CEE	ZATU675~a	o0902528	8940
U+12CEF	ZATU675~b	o0902529	8941
U+12CF1	ZATU675~c	o0902531	8943
U+12CF2	ZATU675~d	o0902532	8944
U+12CF3	ZATU676~a	o0902534	8946
U+12CF4	ZATU676~b	o0902535	8947
U+12CF5	ZATU677~a	o0902537	8949
U+12CF6	ZATU677~b	o0902538	8950
U+12CF7	ZATU678	o0902539	8951
U+12CF8	ZATU679	o0902540	8952
U+12CF9	ZATU680~a1	o0902542	8954
U+12CFA	ZATU680~a2	o0902543	8955
U+12CFB	ZATU680~b	o0902544	8956
U+12CFD	ZATU680~d	o0902546	8958
U+12CFE	ZATU680~e	o0902547	8959
U+12CFF	ZATU681	o0902548	8960
U+12D00	ZATU682	o0902549	8961
U+12D01	ZATU683~a	o0902551	8963
U+12D02	ZATU683~b	o0902552	8964
U+12D03	ZATU683@t	o0902553	8965
U+12D04	ZATU684	o0902554	8966
U+12D05	ZATU685	o0902555	8967
U+12D06	ZATU686~a	o0902557	8969
U+12D07	ZATU686~b	o0902558	8970
U+12D08	ZATU686~c	o0902559	8971
U+12D09	ZATU687	o0902560	8972
U+12D0A	ZATU688~a	o0902562	8974
U+12D0B	ZATU688~b	o0902563	8975
U+12D0C	ZATU689	o0902564	8976
U+12D0D	ZATU690	o0902565	8977
U+12D0E	ZATU691	o0902566	8978
U+12D0F	ZATU692	o0902567	8979
U+12D10	ZATU693	o0902568	8980
U+12D11	ZATU693@t	o0902571	8983
U+12D14	ZATU694~a	o0902573	8985
U+12D15	ZATU694~b	o0902574	8986
U+12D16	ZATU694~c	o0902575	8987
U+12D18	ZATU694~d	o0902577	8989
U+12D19	ZATU694~d@t	o0902580	8990
U+F3050	ZATU694~e	o0902578	8991
U+12D1A	ZATU695	o0902581	8993
U+12D1B	ZATU696	o0902582	8994
U+12D1C	ZATU697~a	o0902584	8996
U+12D20	ZATU697~b	o0902588	9000
U+12D21	ZATU697~c	o0902589	9001
U+12D22	ZATU699~a	o0902591	9004
U+12D23	ZATU699~b	o0902592	9005
U+12D24	ZATU700	o0902593	9006
U+12D25	ZATU701	o0902594	9007
U+12D26	ZATU702	o0902595	9008
U+12D27	ZATU703	o0902596	9009
U+12D28	ZATU704	o0902597	9010
U+12D29	ZATU705	o0902598	9011
U+12D2A	ZATU706	o0902599	9012
U+12D2B	ZATU707~a	o0902601	9014
U+12D2C	ZATU707~b	o0902602	9015
U+12D2D	ZATU708	o0902603	9016
U+12D2E	ZATU709	o0902604	9017
U+12D2F	ZATU710	o0902605	9018
U+12D31	ZATU711	o0902607	9020
U+12D33	|ZATU711~v1×HI@g~a|	o0902610	9025
U+12D35	ZATU713	o0902612	9028
U+12D36	ZATU714	o0902613	9029
U+12D38	|ZATU714×HI@g~a|	o0902616	9032
U+12D3A	ZATU717	o0902618	9036
U+12D3B	ZATU718	o0902619	9037
U+12D3C	ZATU719	o0902620	9038
U+12D3D	ZATU720	o0902621	9039
U+12D3E	ZATU721	o0902622	9040
U+12D3F	ZATU722	o0902623	9041
U+12D40	ZATU723	o0902624	9042
U+12D41	ZATU724	o0902625	9043
U+12D42	ZATU725	o0902626	9044
U+12D44	ZATU726~a	o0902629	9047
U+12D45	ZATU726~c	o0902630	9048
U+12D46	ZATU726~d	o0902631	9049
U+12D47	ZATU727	o0902632	9050
U+12D48	ZATU728	o0902633	9051
U+12D49	ZATU729	o0902634	9052
U+12D4B	ZATU730	o0902636	9054
U+12D4C	ZATU732	o0902637	9056
U+12D4D	ZATU733	o0902638	9057
U+12D4E	ZATU734	o0902639	9058
U+12D4F	ZATU735~a	o0902641	9060
U+12D50	ZATU735~b	o0902642	9061
U+12D53	ZATU735~c	o0902645	9064
U+12D54	ZATU736~a	o0902647	9066
U+12D55	ZATU736~b	o0902648	9067
U+12D56	ZATU737	o0902649	9068
U+12D57	|ZATU737×AB~a|	o0902653	9074
U+12D58	|ZATU737×BU~a|	o0902655	9076
U+12D59	|ZATU737×BUR~a|	o0902657	9078
U+12D5A	|ZATU737×DI|	o0902658	9079
U+12D5B	|ZATU737×E~a|	o0902661	9081
U+12D5C	|ZATU737×EN~a~v2|	o0902663	9084
U+12D5D	|ZATU737×GAR|	o0902665	9086
U+12D5E	|ZATU737×NI~a@g|	o0902669	9089
U+12D5F	|ZATU737×NIMGIR|	o0902670	9091
U+12D60	|ZATU737×SU~a|	o0902673	9094
U+12D61	|ZATU737×ŠE~a|	o0902675	9096
U+12D62	|ZATU737×ŠITA~a1|	o0902677	9098
U+12D63	|ZATU737×UNUG~a~v1|	o0902682	9102
U+12D65	|ZATU737~v1×EN~b~v1|	o0902664	9105
U+12D6A	|ZATU737~v3×SAL|	o0902671	9113
U+12D6B	|ZATU737~v3×U₄|	o0902680	9114
U+12D6C	ZATU749~a	o0902687	9130
U+12D6F	ZATU749~b	o0902690	9133
U+12D70	ZATU749~c	o0902691	9134
U+12D71	ZATU750	o0902692	9135
U+12D75	ZATU751~a	o0902697	9140
U+12D76	ZATU751~b	o0902698	9141
U+12D77	ZATU752	o0902699	9142
U+12D79	ZATU753	o0902701	9144
U+12D7A	ZATU754	o0902702	9145
U+12D7B	ZATU755~a	o0902704	9147
U+12D7C	ZATU755~b	o0902705	9148
U+12D7D	ZATU756	o0902706	9149
U+12D7F	ZATU757	o0902708	9151
U+12D81	ZATU758	o0902710	9153
U+12D82	ZATU759	o0902711	9154
U+12D83	|ZATU759×KU₆~a|	o0902714	9158
U+12D84	|ZATU759×(KU₆~a+KU₆~a)|	o0902717	9159
U+12D85	|ZATU759×KU₆~d|	o0902715	9160
U+12D89	ZATU761	o0902720	9166
U+12D8A	ZATU762~a	o0902722	9170
U+12D8B	|ZATU762~a×NIM~a|	o0902729	9171
U+12D8E	ZATU762~b	o0902725	9174
U+12D8F	|ZATU762~b×AB~a|	o0902727	9175
U+12D90	ZATU764	o0902730	9177
U+12D91	ZATU765	o0902731	9178
U+12D92	ZATU766	o0902732	9179
U+12D93	ZATU767	o0902733	9180
U+12D94	ZATU768	o0902734	9181
U+12D95	ZATU769	o0902735	9182
U+12D96	ZATU771	o0902736	9184
U+12D97	ZATU772	o0902737	9185
U+12D98	ZATU773~a	o0902739	9187
U+12D9A	ZATU773~b	o0902741	9189
U+12D9B	ZATU774	o0902742	9190
U+12D9C	ZATU775	o0902743	9191
U+12D9D	ZATU776	o0902744	9192
U+12D9F	ZATU777	o0902746	9194
U+12DA2	ZATU778	o0902749	9197
U+12DA3	ZATU779	o0902750	9198
U+12DA4	ZATU780	o0902751	9199
U+12DA5	ZATU781	o0902752	9200
U+12DA6	ZATU782	o0902753	9201
U+12DA7	ZATU783	o0902754	9202
U+12DA8	ZATU784	o0902755	9203
U+12DA9	ZATU785	o0902756	9204
U+12DAA	ZATU786	o0902757	9205
U+12DAB	ZATU787	o0902758	9206
U+12DAC	ZATU788	o0902759	9207
U+12DAD	ZATU789	o0902760	9208
U+12DAE	ZATU791	o0902761	9210
U+12DAF	ZATU792	o0902762	9211
U+12DB0	ZATU795	o0902763	9214
U+12DB1	ZATU797	o0902764	9216
U+12DB2	ZATU798	o0902765	9217
U+12DB3	ZATU799	o0902766	9218
U+12DB4	ZATU800	o0902767	9219
U+12DB5	ZATU801	o0902768	9220
U+12DB6	ZATU802	o0902769	9221
U+F3051	ZATU802~b	o0902770	9222
U+12DB7	ZATU803	o0902771	9223
U+12DB8	ZATU804	o0902772	9224
U+12DB9	ZATU805	o0902773	9225
U+12DBA	ZATU806	o0902774	9226
U+12DBB	ZATU807	o0902775	9227
U+12DBC	ZATU808	o0902776	9228
U+12DBD	ZATU809	o0902777	9229
U+12DBE	ZATU810	o0902778	9230
U+12DBF	ZATU811	o0902779	9231
U+12DC0	ZATU812	o0902780	9232
U+12DC1	ZATU813	o0902781	9233
U+12DC2	ZATU814	o0902782	9234
U+12DC3	ZATU815	o0902783	9235
U+12DC4	ZATU817	o0902784	9237
U+12DC5	ZATU818	o0902785	9238
U+12DC6	ZATU819	o0902786	9239
U+12DC7	ZATU820	o0902787	9240
U+12DC8	ZATU821	o0902788	9241
U+12DC9	ZATU822	o0902789	9242
U+12DCA	ZATU823	o0902790	9243
U+12DCB	ZATU824	o0902791	9244
U+12DCC	ZATU825	o0902792	9245
U+12DCD	ZATU826	o0902793	9246
U+12DCE	ZATU829	o0902794	9249
U+12DCF	ZATU831	o0902795	9251
U+12DD0	ZATU831@g	o0902796	9252
U+12DD1	ZATU832	o0902797	9253
U+12DD2	ZATU833	o0902798	9254
U+12DD3	ZATU834	o0902799	9255
U+12DD4	ZATU835	o0902800	9256
U+12DD5	ZATU836	o0902801	9257
U+12DD6	ZATU837~a	o0902803	9259
U+12DD7	ZATU837~b	o0902804	9260
U+12DD8	ZATU838	o0902805	9261
U+12DD9	ZATU839	o0902806	9262
U+12DDB	ZATU840	o0902808	9264
U+12DDC	ZATU841	o0902809	9265
U+12DDD	ZATU842	o0902810	9266
U+12DDE	ZATU843	o0902811	9267
U+12DDF	ZATU844	o0902812	9268
U+12DE0	ZATU845	o0902813	9269
U+12DE1	ZATU846	o0902814	9270
U+12DE2	ZATU847	o0902815	9271
U+12DE3	ZATU848	o0902816	9272
U+12DE4	ZATU849	o0902817	9273
U+12DE5	ZATU850	o0902818	9274
U+12DE6	ZATU851	o0902819	9275
U+12DE7	ZATU852	o0902820	9276
U+12DE8	ZATU853	o0902821	9277
U+12DE9	ZATU854	o0902822	9278
U+12DEA	ZATU855	o0902823	9279
U+F3052	ZATU859	o0902827	9283
U+12DEB	ZI~a	o0902829	9285
U+12DED	ZI~b	o0902831	9287
U+12DEE	ZI~d	o0902832	9288
U+12DEF	ZUBI~a	o0902838	9291
U+12DF0	ZUBI~b	o0902839	9292
U+F0110	1(N57)	o0903210	9943
U+F0111	2(N57)	o0903222	9944
U+F0112	3(N57)	o0903234	9945
U+F0113	4(N57)	o0903257	9946
U+F0114	5(N57)	o0903264	9947
U+F0115	6(N57)	o0903268	9948
U+F0116	7(N57)	o0903273	9950
U+F0117	8(N57)	o0903275	9951
U+F0118	9(N57)	o0903278	9952
U+F0119	10(N57)	o0903279	9953
